CREATE DATABASE  IF NOT EXISTS `lynda_library` /*!40100 DEFAULT CHARACTER SET utf8mb4 COLLATE utf8mb4_0900_ai_ci */ /*!80016 DEFAULT ENCRYPTION='N' */;
USE `lynda_library`;
-- MySQL dump 10.13  Distrib 8.0.33, for Win64 (x86_64)
--
-- Host: localhost    Database: lynda_library
-- ------------------------------------------------------
-- Server version	8.0.33

/*!40101 SET @OLD_CHARACTER_SET_CLIENT=@@CHARACTER_SET_CLIENT */;
/*!40101 SET @OLD_CHARACTER_SET_RESULTS=@@CHARACTER_SET_RESULTS */;
/*!40101 SET @OLD_COLLATION_CONNECTION=@@COLLATION_CONNECTION */;
/*!50503 SET NAMES utf8 */;
/*!40103 SET @OLD_TIME_ZONE=@@TIME_ZONE */;
/*!40103 SET TIME_ZONE='+00:00' */;
/*!40014 SET @OLD_UNIQUE_CHECKS=@@UNIQUE_CHECKS, UNIQUE_CHECKS=0 */;
/*!40014 SET @OLD_FOREIGN_KEY_CHECKS=@@FOREIGN_KEY_CHECKS, FOREIGN_KEY_CHECKS=0 */;
/*!40101 SET @OLD_SQL_MODE=@@SQL_MODE, SQL_MODE='NO_AUTO_VALUE_ON_ZERO' */;
/*!40111 SET @OLD_SQL_NOTES=@@SQL_NOTES, SQL_NOTES=0 */;

--
-- Table structure for table `books`
--

DROP TABLE IF EXISTS `books`;
/*!40101 SET @saved_cs_client     = @@character_set_client */;
/*!50503 SET character_set_client = utf8mb4 */;
CREATE TABLE `books` (
  `BookID` int NOT NULL,
  `Title` text,
  `Author` text,
  `Published` datetime DEFAULT NULL,
  `Barcode` bigint DEFAULT NULL,
  PRIMARY KEY (`BookID`),
  UNIQUE KEY `BookID_UNIQUE` (`BookID`)
) ENGINE=InnoDB DEFAULT CHARSET=utf8mb4 COLLATE=utf8mb4_0900_ai_ci;
/*!40101 SET character_set_client = @saved_cs_client */;

--
-- Dumping data for table `books`
--

LOCK TABLES `books` WRITE;
/*!40000 ALTER TABLE `books` DISABLE KEYS */;
INSERT INTO `books` VALUES (1,'Walden, and On The Duty Of Civil Disobedience','Henry David Thoreau','1849-01-01 00:00:00',3100471153),(2,'The Scarlet Letter','Nathaniel Hawthorne','1850-01-01 00:00:00',4589408958),(3,'The Adventures of Sherlock Holmes','Arthur Conan Doyle','1892-01-01 00:00:00',2411676280),(4,'The Adventures of Tom Sawyer','Mark Twain','1876-01-01 00:00:00',7813216705),(5,'David Copperfield','Charles Dickens','1850-01-01 00:00:00',8821265677),(6,'A Modest Proposal','Jonathan Swift','1729-01-01 00:00:00',9675136364),(7,'The Sign of the Four','Arthur Conan Doyle','1890-01-01 00:00:00',9615072124),(8,'The Importance of Being Earnest: A Trivial Comedy for Serious People','Oscar Wilde','1895-01-01 00:00:00',4733732465),(9,'Uncle Tom\'s Cabin','Harriet Beecher Stowe','1852-01-01 00:00:00',1874764443),(10,'The Count of Monte Cristo','Alexandre Dumas','1884-01-01 00:00:00',1799238621),(11,'The Picture of Dorian Gray','Oscar Wilde','1890-01-01 00:00:00',2855934983),(12,'Dracula','Bram Stoker','1897-01-01 00:00:00',8232533734),(13,'Oliver Twist','Charles Dickens','1839-01-01 00:00:00',3071366111),(14,'The Awakening, and Selected Short Stories','Kate Chopin','1899-01-01 00:00:00',3103139173),(15,'The Time Machine','H. G. Wells','1895-01-01 00:00:00',9610930110),(16,'Ulysses','James Joyce','1922-01-01 00:00:00',1472300125),(17,'Les Misérables','Victor Hugo','1895-01-01 00:00:00',8252831254),(18,'The Jungle Book','Rudyard Kipling','1894-01-01 00:00:00',3655763446),(19,'Heart of Darkness','Joseph Conrad','1899-01-01 00:00:00',9334362486),(20,'Treasure Island','Robert Louis Stevenson','1883-01-01 00:00:00',8563911061),(21,'The Prince','Niccolò Machiavelli','1532-01-01 00:00:00',2656649474),(22,'Adventures of Huckleberry Finn','Mark Twain','1884-01-01 00:00:00',8537695057),(23,'Great Expectations','Charles Dickens','1861-01-01 00:00:00',5314419343),(24,'Candide','Voltaire','1759-01-01 00:00:00',1026835475),(25,'The Life and Adventures of Robinson Crusoe','Daniel Defoe','1791-01-01 00:00:00',7614272194),(26,'The Adventures of Sherlock Holmes','Arthur Conan Doyle','1892-01-01 00:00:00',6117891368),(27,'Wuthering Heights','Emily Brontë','1847-01-01 00:00:00',9622357787),(28,'Heart of Darkness','Joseph Conrad','1899-01-01 00:00:00',2229312049),(29,'A Modest Proposal','Jonathan Swift','1729-01-01 00:00:00',3056621645),(30,'On the origin of species','Charles Darwin','1859-01-01 00:00:00',6010636156),(31,'Gulliver\'s Travels into Several Remote Nations of the World','Jonathan Swift','1726-01-01 00:00:00',4649890037),(32,'The Wonderful Wizard of Oz','L. Frank Baum','1900-01-01 00:00:00',9402443064),(33,'Peter Pan','J. M. Barrie','1911-01-01 00:00:00',2793883256),(34,'The Tale of Peter Rabbit','Beatrix Potter','1901-01-01 00:00:00',5748337449),(35,'The Brothers Karamazov','Fyodor Dostoyevsky','1880-01-01 00:00:00',1218723292),(36,'Great Expectations','Charles Dickens','1861-01-01 00:00:00',9050209500),(37,'A Doll\'s House','Henrik Ibsen','1879-01-01 00:00:00',3039350069),(38,'Dubliners','James Joyce','1914-01-01 00:00:00',6886459965),(39,'The Adventures of Tom Sawyer','Mark Twain','1876-01-01 00:00:00',1493041269),(40,'Three Men in a Boat (To Say Nothing of the Dog)','Jerome K. Jerome','1889-01-01 00:00:00',4746758842),(41,'The Scarlet Letter','Nathaniel Hawthorne','1850-01-01 00:00:00',8329029559),(42,'The Prince','Niccolò Machiavelli','1532-01-01 00:00:00',6151512619),(43,'The Yellow Wallpaper','Charlotte Perkins Gilman','1892-01-01 00:00:00',7476179474),(44,'Pygmalion','Bernard Shaw','1913-01-01 00:00:00',6340638269),(45,'The Secret Garden','Frances Hodgson Burnett','1911-01-01 00:00:00',9948565822),(46,'Sense and Sensibility','Jane Austen','1811-01-01 00:00:00',5677520613),(47,'Anne of Green Gables','L. M. Montgomery','1908-01-01 00:00:00',5419570516),(48,'The Hound of the Baskervilles','Arthur Conan Doyle','1902-01-01 00:00:00',7367316687),(49,'Alice\'s Adventures in Wonderland','Lewis Carroll','1865-01-01 00:00:00',9617441017),(50,'Jane Eyre: An Autobiography','Charlotte Brontë','1847-01-01 00:00:00',3641717422),(51,'Dubliners','James Joyce','1914-01-01 00:00:00',9924891502),(52,'David Copperfield','Charles Dickens','1850-01-01 00:00:00',6705736665),(53,'Uncle Tom\'s Cabin','Harriet Beecher Stowe','1852-01-01 00:00:00',7816127580),(54,'The Yellow Wallpaper','Charlotte Perkins Gilman','1892-01-01 00:00:00',2503974912),(55,'An Occurrence at Owl Creek Bridge','Ambrose Bierce','1890-01-01 00:00:00',6432246701),(56,'The Picture of Dorian Gray','Oscar Wilde','1890-01-01 00:00:00',5057915174),(57,'The Brothers Karamazov','Fyodor Dostoyevsky','1880-01-01 00:00:00',1591595018),(58,'Grimms\' Fairy Tales','Jacob Grimm and Wilhelm Grimm','1858-01-01 00:00:00',9481016995),(59,'The War of the Worlds','H. G. Wells','1898-01-01 00:00:00',7360406327),(60,'Dracula','Bram Stoker','1897-01-01 00:00:00',4274716715),(61,'The Call of the Wild','Jack London','1905-01-01 00:00:00',5092202901),(62,'Oliver Twist','Charles Dickens','1839-01-01 00:00:00',9103557294),(63,'Treasure Island','Robert Louis Stevenson','1883-01-01 00:00:00',9985114885),(64,'A Study in Scarlet','Arthur Conan Doyle','1887-01-01 00:00:00',6146781316),(65,'The Scarlet Letter','Nathaniel Hawthorne','1850-01-01 00:00:00',7064200431),(66,'The Count of Monte Cristo','Alexandre Dumas','1884-01-01 00:00:00',3303490694),(67,'Les Misérables','Victor Hugo','1895-01-01 00:00:00',6502926567),(68,'The Count of Monte Cristo','Alexandre Dumas','1884-01-01 00:00:00',1750433521),(69,'Siddhartha','Hermann Hesse','1922-01-01 00:00:00',4524773001),(70,'Also sprach Zarathustra','Friedrich Wilhelm Nietzsche','1896-01-01 00:00:00',8233453745),(71,'A Tale of Two Cities','Charles Dickens','1859-01-01 00:00:00',4966189808),(72,'The Yellow Wallpaper','Charlotte Perkins Gilman','1892-01-01 00:00:00',8015869193),(73,'Dracula','Bram Stoker','1897-01-01 00:00:00',8730298424),(74,'The Strange Case of Dr. Jekyll and Mr. Hyde','Robert Louis Stevenson','1886-01-01 00:00:00',5456105629),(75,'Moby Dick; Or, The Whale','Herman Melville','1851-01-01 00:00:00',3254901352),(76,'Jane Eyre: An Autobiography','Charlotte Brontë','1847-01-01 00:00:00',7490708197),(77,'The Prophet','Kahlil Gibran','1923-01-01 00:00:00',5516789160),(78,'The Prophet','Kahlil Gibran','1923-01-01 00:00:00',9731317241),(79,'A Study in Scarlet','Arthur Conan Doyle','1887-01-01 00:00:00',4735557481),(80,'Jane Eyre: An Autobiography','Charlotte Brontë','1847-01-01 00:00:00',5181168830),(81,'Grimms\' Fairy Tales','Jacob Grimm and Wilhelm Grimm','1858-01-01 00:00:00',2956935227),(82,'Sense and Sensibility','Jane Austen','1811-01-01 00:00:00',3382858636),(83,'Emma','Jane Austen','1815-01-01 00:00:00',3338413705),(84,'Tractatus Logico-Philosophicus','Ludwig Wittgenstein','1921-01-01 00:00:00',7953286250),(85,'Pygmalion','Bernard Shaw','1913-01-01 00:00:00',3028132298),(86,'Siddhartha','Hermann Hesse','1922-01-01 00:00:00',9816358488),(87,'Frankenstein; Or, The Modern Prometheus','Mary Wollstonecraft Shelley','1818-01-01 00:00:00',5100740849),(88,'Ulysses','James Joyce','1922-01-01 00:00:00',9050461909),(89,'Walden, and On The Duty Of Civil Disobedience','Henry David Thoreau','1849-01-01 00:00:00',1250001073),(90,'The Jungle','Upton Sinclair','1906-01-01 00:00:00',9012348841),(91,'The Importance of Being Earnest: A Trivial Comedy for Serious People','Oscar Wilde','1895-01-01 00:00:00',9067533454),(92,'Alice\'s Adventures in Wonderland','Lewis Carroll','1865-01-01 00:00:00',8015835428),(93,'Great Expectations','Charles Dickens','1861-01-01 00:00:00',4043822646),(94,'Walden, and On The Duty Of Civil Disobedience','Henry David Thoreau','1849-01-01 00:00:00',8026944492),(95,'Also sprach Zarathustra','Friedrich Wilhelm Nietzsche','1896-01-01 00:00:00',7133340991),(96,'A Study in Scarlet','Arthur Conan Doyle','1887-01-01 00:00:00',3312061309),(97,'The Life and Adventures of Robinson Crusoe','Daniel Defoe','1791-01-01 00:00:00',8830076797),(98,'An Occurrence at Owl Creek Bridge','Ambrose Bierce','1890-01-01 00:00:00',6854696214),(99,'Little Women','Louisa May Alcott','1869-01-01 00:00:00',3945560004),(100,'The Jungle Book','Rudyard Kipling','1894-01-01 00:00:00',9443427576),(101,'Anna Karenina','graf Leo Tolstoy','1878-01-01 00:00:00',8754465846),(102,'Hard Times','Charles Dickens','1854-01-01 00:00:00',6674338548),(103,'Moby Dick; Or, The Whale','Herman Melville','1851-01-01 00:00:00',6616753388),(104,'On the origin of species','Charles Darwin','1859-01-01 00:00:00',9362177222),(105,'The Turn of the Screw','Henry James','1898-01-01 00:00:00',6435968624),(106,'Wuthering Heights','Emily Brontë','1847-01-01 00:00:00',4592191348),(107,'Little Women','Louisa May Alcott','1869-01-01 00:00:00',1965826731),(108,'Pascal\'s Pensées','Blaise Pascal','1670-01-01 00:00:00',5350687892),(109,'Emma','Jane Austen','1815-01-01 00:00:00',6733484219),(110,'The Strange Case of Dr. Jekyll and Mr. Hyde','Robert Louis Stevenson','1886-01-01 00:00:00',6219262708),(111,'The Decameron of Giovanni Boccaccio','Giovanni Boccaccio','1375-01-01 00:00:00',2485650954),(112,'The War of the Worlds','H. G. Wells','1898-01-01 00:00:00',7919408621),(113,'On the origin of species','Charles Darwin','1859-01-01 00:00:00',3102441408),(114,'The Wonderful Wizard of Oz','L. Frank Baum','1900-01-01 00:00:00',9562452329),(115,'Hard Times','Charles Dickens','1854-01-01 00:00:00',3242500932),(116,'The Brothers Karamazov','Fyodor Dostoyevsky','1880-01-01 00:00:00',3310765031),(117,'The Time Machine','H. G. Wells','1895-01-01 00:00:00',7267049081),(118,'Adventures of Huckleberry Finn','Mark Twain','1884-01-01 00:00:00',5259319712),(119,'The Tale of Peter Rabbit','Beatrix Potter','1901-01-01 00:00:00',2755886014),(120,'Dubliners','James Joyce','1914-01-01 00:00:00',3639380140),(121,'The Mysterious Affair at Styles','Agatha Christie','1920-01-01 00:00:00',9303804404),(122,'Metamorphosis','Franz Kafka','1915-01-01 00:00:00',7205341627),(123,'The Mysterious Affair at Styles','Agatha Christie','1920-01-01 00:00:00',7280027397),(124,'The Adventures of Sherlock Holmes','Arthur Conan Doyle','1892-01-01 00:00:00',7776442868),(125,'Candide','Voltaire','1759-01-01 00:00:00',6478624379),(126,'The Awakening, and Selected Short Stories','Kate Chopin','1899-01-01 00:00:00',9895378062),(127,'David Copperfield','Charles Dickens','1850-01-01 00:00:00',8525488511),(128,'The Picture of Dorian Gray','Oscar Wilde','1890-01-01 00:00:00',3664785630),(129,'Also sprach Zarathustra','Friedrich Wilhelm Nietzsche','1896-01-01 00:00:00',8880867275),(130,'Peter Pan','J. M. Barrie','1911-01-01 00:00:00',5135424406),(131,'War and Peace','graf Leo Tolstoy','1869-01-01 00:00:00',9585335549),(132,'War and Peace','graf Leo Tolstoy','1869-01-01 00:00:00',5605187849),(133,'Treasure Island','Robert Louis Stevenson','1883-01-01 00:00:00',2952281573),(134,'The Sign of the Four','Arthur Conan Doyle','1890-01-01 00:00:00',9535295098),(135,'A Tale of Two Cities','Charles Dickens','1859-01-01 00:00:00',8996747227),(136,'The Wonderful Wizard of Oz','L. Frank Baum','1900-01-01 00:00:00',1471501105),(137,'Alice\'s Adventures in Wonderland','Lewis Carroll','1865-01-01 00:00:00',3946912387),(138,'The Sign of the Four','Arthur Conan Doyle','1890-01-01 00:00:00',6652171593),(139,'Peter Pan','J. M. Barrie','1911-01-01 00:00:00',2588073202),(140,'Gulliver\'s Travels into Several Remote Nations of the World','Jonathan Swift','1726-01-01 00:00:00',8923446356),(141,'Three Men in a Boat (To Say Nothing of the Dog)','Jerome K. Jerome','1889-01-01 00:00:00',6572731534),(142,'The Decameron of Giovanni Boccaccio','Giovanni Boccaccio','1375-01-01 00:00:00',3609260747),(143,'Gulliver\'s Travels into Several Remote Nations of the World','Jonathan Swift','1726-01-01 00:00:00',5394770992),(144,'Pride and Prejudice','Jane Austen','1813-01-01 00:00:00',9131059093),(145,'Oliver Twist','Charles Dickens','1839-01-01 00:00:00',6444030057),(146,'Metamorphosis','Franz Kafka','1915-01-01 00:00:00',6978078350),(147,'The Adventures of Tom Sawyer','Mark Twain','1876-01-01 00:00:00',4750599556),(148,'War and Peace','graf Leo Tolstoy','1869-01-01 00:00:00',9348938616),(149,'The Importance of Being Earnest: A Trivial Comedy for Serious People','Oscar Wilde','1895-01-01 00:00:00',2054382275),(150,'The Secret Garden','Frances Hodgson Burnett','1911-01-01 00:00:00',2438574546),(151,'Second Treatise of Government','John Locke','1689-01-01 00:00:00',6979338785),(152,'Anne of Green Gables','L. M. Montgomery','1908-01-01 00:00:00',4550745199),(153,'Frankenstein; Or, The Modern Prometheus','Mary Wollstonecraft Shelley','1818-01-01 00:00:00',8839302214),(154,'An Occurrence at Owl Creek Bridge','Ambrose Bierce','1890-01-01 00:00:00',8301235528),(155,'The Prophet','Kahlil Gibran','1923-01-01 00:00:00',9013040583),(156,'The Life and Adventures of Robinson Crusoe','Daniel Defoe','1791-01-01 00:00:00',3650881744),(157,'Les Misérables','Victor Hugo','1895-01-01 00:00:00',9108696047),(158,'Moby Dick; Or, The Whale','Herman Melville','1851-01-01 00:00:00',8158837759),(159,'Three Men in a Boat (To Say Nothing of the Dog)','Jerome K. Jerome','1889-01-01 00:00:00',3293874630),(160,'The War of the Worlds','H. G. Wells','1898-01-01 00:00:00',4474735051),(161,'The Prince','Niccolò Machiavelli','1532-01-01 00:00:00',9323491902),(162,'Pride and Prejudice','Jane Austen','1813-01-01 00:00:00',8156410777),(163,'The Mysterious Affair at Styles','Agatha Christie','1920-01-01 00:00:00',3833130645),(164,'The Hound of the Baskervilles','Arthur Conan Doyle','1902-01-01 00:00:00',7500891493),(165,'The Turn of the Screw','Henry James','1898-01-01 00:00:00',2119519594),(166,'The Strange Case of Dr. Jekyll and Mr. Hyde','Robert Louis Stevenson','1886-01-01 00:00:00',1388191607),(167,'Anne of Green Gables','L. M. Montgomery','1908-01-01 00:00:00',6951820908),(168,'Pascal\'s Pensées','Blaise Pascal','1670-01-01 00:00:00',1688834109),(169,'Second Treatise of Government','John Locke','1689-01-01 00:00:00',5647388501),(170,'A Tale of Two Cities','Charles Dickens','1859-01-01 00:00:00',1396589796),(171,'The Call of the Wild','Jack London','1905-01-01 00:00:00',7523202583),(172,'Uncle Tom\'s Cabin','Harriet Beecher Stowe','1852-01-01 00:00:00',1944291114),(173,'Wuthering Heights','Emily Brontë','1847-01-01 00:00:00',2847748801),(174,'A Modest Proposal','Jonathan Swift','1729-01-01 00:00:00',7708090276),(175,'The Time Machine','H. G. Wells','1895-01-01 00:00:00',1291355714),(176,'The Jungle','Upton Sinclair','1906-01-01 00:00:00',2932680848),(177,'The Call of the Wild','Jack London','1905-01-01 00:00:00',3119888447),(178,'The Secret Garden','Frances Hodgson Burnett','1911-01-01 00:00:00',8157982611),(179,'Anna Karenina','graf Leo Tolstoy','1878-01-01 00:00:00',3570685469),(180,'Frankenstein; Or, The Modern Prometheus','Mary Wollstonecraft Shelley','1818-01-01 00:00:00',5880488254),(181,'Sense and Sensibility','Jane Austen','1811-01-01 00:00:00',7712942206),(182,'Grimms\' Fairy Tales','Jacob Grimm and Wilhelm Grimm','1858-01-01 00:00:00',7433732302),(183,'Little Women','Louisa May Alcott','1869-01-01 00:00:00',3806008380),(184,'Ulysses','James Joyce','1922-01-01 00:00:00',7973290433),(185,'Don Quixote','Miguel de Cervantes Saavedra','1605-01-01 00:00:00',3037774000),(186,'Pride and Prejudice','Jane Austen','1813-01-01 00:00:00',9229256777),(187,'Don Quixote','Miguel de Cervantes Saavedra','1605-01-01 00:00:00',3750235511),(188,'Tractatus Logico-Philosophicus','Ludwig Wittgenstein','1921-01-01 00:00:00',3733674722),(189,'The Jungle Book','Rudyard Kipling','1894-01-01 00:00:00',2183505735),(190,'Adventures of Huckleberry Finn','Mark Twain','1884-01-01 00:00:00',3766010638),(191,'Emma','Jane Austen','1815-01-01 00:00:00',5913123586),(192,'The Turn of the Screw','Henry James','1898-01-01 00:00:00',9586004168),(193,'Candide','Voltaire','1759-01-01 00:00:00',9718482110),(194,'The Tale of Peter Rabbit','Beatrix Potter','1901-01-01 00:00:00',5705857485),(195,'Metamorphosis','Franz Kafka','1915-01-01 00:00:00',8949930384),(196,'The Awakening, and Selected Short Stories','Kate Chopin','1899-01-01 00:00:00',5859811018),(197,'Hard Times','Charles Dickens','1854-01-01 00:00:00',6616502217),(198,'A Doll\'s House','Henrik Ibsen','1879-01-01 00:00:00',6227932647),(199,'Anna Karenina','graf Leo Tolstoy','1878-01-01 00:00:00',6318181860),(200,'A Doll\'s House','Henrik Ibsen','1879-01-01 00:00:00',2719805876);
/*!40000 ALTER TABLE `books` ENABLE KEYS */;
UNLOCK TABLES;

--
-- Table structure for table `loans`
--

DROP TABLE IF EXISTS `loans`;
/*!40101 SET @saved_cs_client     = @@character_set_client */;
/*!50503 SET character_set_client = utf8mb4 */;
CREATE TABLE `loans` (
  `LoanID` int DEFAULT NULL,
  `BookID` int DEFAULT NULL,
  `PatronID` int DEFAULT NULL,
  `LoanDate` datetime DEFAULT NULL,
  `DueDate` datetime DEFAULT NULL,
  `ReturnedDate` datetime DEFAULT NULL,
  KEY `patron_id_idx` (`PatronID`),
  KEY `book_id_idx` (`BookID`),
  CONSTRAINT `book_id` FOREIGN KEY (`BookID`) REFERENCES `books` (`BookID`),
  CONSTRAINT `patron_id` FOREIGN KEY (`PatronID`) REFERENCES `patrons` (`PatronID`)
) ENGINE=InnoDB DEFAULT CHARSET=utf8mb4 COLLATE=utf8mb4_0900_ai_ci;
/*!40101 SET character_set_client = @saved_cs_client */;

--
-- Dumping data for table `loans`
--

LOCK TABLES `loans` WRITE;
/*!40000 ALTER TABLE `loans` DISABLE KEYS */;
INSERT INTO `loans` VALUES (1,165,49,'2016-06-01 00:00:00','2016-06-15 00:00:00','2016-06-15 00:00:00'),(2,123,100,'2016-06-01 00:00:00','2016-06-15 00:00:00','2016-06-15 00:00:00'),(3,94,79,'2016-06-02 00:00:00','2016-06-16 00:00:00','2016-06-16 00:00:00'),(4,25,97,'2016-06-03 00:00:00','2016-06-17 00:00:00','2016-06-17 00:00:00'),(5,104,27,'2016-06-03 00:00:00','2016-06-17 00:00:00','2016-06-17 00:00:00'),(6,74,34,'2016-06-04 00:00:00','2016-06-18 00:00:00','2016-06-18 00:00:00'),(7,79,37,'2016-06-05 00:00:00','2016-06-19 00:00:00','2016-06-19 00:00:00'),(8,3,4,'2016-06-05 00:00:00','2016-06-19 00:00:00','2016-06-19 00:00:00'),(9,133,56,'2016-06-05 00:00:00','2016-06-19 00:00:00','2016-06-19 00:00:00'),(10,64,36,'2016-06-06 00:00:00','2016-06-20 00:00:00','2016-06-20 00:00:00'),(11,161,83,'2016-06-06 00:00:00','2016-06-20 00:00:00','2016-06-20 00:00:00'),(12,4,14,'2016-06-07 00:00:00','2016-06-21 00:00:00','2016-06-21 00:00:00'),(13,11,90,'2016-06-07 00:00:00','2016-06-21 00:00:00','2016-06-21 00:00:00'),(14,51,9,'2016-06-08 00:00:00','2016-06-22 00:00:00','2016-06-22 00:00:00'),(15,196,31,'2016-06-09 00:00:00','2016-06-23 00:00:00','2016-06-23 00:00:00'),(16,11,57,'2016-06-09 00:00:00','2016-06-23 00:00:00','2016-06-23 00:00:00'),(17,93,59,'2016-06-10 00:00:00','2016-06-24 00:00:00','2016-06-24 00:00:00'),(18,99,91,'2016-06-12 00:00:00','2016-06-26 00:00:00','2016-06-26 00:00:00'),(19,200,5,'2016-06-12 00:00:00','2016-06-26 00:00:00','2016-06-26 00:00:00'),(20,122,36,'2016-06-13 00:00:00','2016-06-27 00:00:00','2016-06-27 00:00:00'),(21,25,29,'2016-06-13 00:00:00','2016-06-27 00:00:00','2016-06-27 00:00:00'),(22,99,6,'2016-06-14 00:00:00','2016-06-28 00:00:00','2016-06-28 00:00:00'),(23,111,14,'2016-06-14 00:00:00','2016-06-28 00:00:00','2016-06-28 00:00:00'),(24,61,42,'2016-06-15 00:00:00','2016-06-29 00:00:00','2016-06-29 00:00:00'),(25,87,34,'2016-06-15 00:00:00','2016-06-29 00:00:00','2016-06-29 00:00:00'),(26,176,76,'2016-06-15 00:00:00','2016-06-29 00:00:00','2016-06-29 00:00:00'),(27,11,98,'2016-06-16 00:00:00','2016-06-30 00:00:00','2016-06-30 00:00:00'),(28,41,46,'2016-06-17 00:00:00','2016-07-01 00:00:00','2016-07-01 00:00:00'),(29,45,43,'2016-06-18 00:00:00','2016-07-02 00:00:00','2016-07-02 00:00:00'),(30,67,60,'2016-06-19 00:00:00','2016-07-03 00:00:00','2016-07-03 00:00:00'),(31,100,22,'2016-06-20 00:00:00','2016-07-04 00:00:00','2016-07-04 00:00:00'),(32,160,11,'2016-06-23 00:00:00','2016-07-07 00:00:00','2016-07-07 00:00:00'),(33,33,44,'2016-06-23 00:00:00','2016-07-07 00:00:00','2016-07-07 00:00:00'),(34,89,9,'2016-06-25 00:00:00','2016-07-09 00:00:00','2016-07-09 00:00:00'),(35,35,49,'2016-06-25 00:00:00','2016-07-09 00:00:00','2016-07-09 00:00:00'),(36,43,40,'2016-06-25 00:00:00','2016-07-09 00:00:00','2016-07-09 00:00:00'),(37,83,29,'2016-06-26 00:00:00','2016-07-10 00:00:00','2016-07-10 00:00:00'),(38,173,1,'2016-06-26 00:00:00','2016-07-10 00:00:00','2016-07-10 00:00:00'),(39,63,65,'2016-06-27 00:00:00','2016-07-11 00:00:00','2016-07-11 00:00:00'),(40,147,49,'2016-06-29 00:00:00','2016-07-13 00:00:00','2016-07-13 00:00:00'),(41,148,14,'2016-06-29 00:00:00','2016-07-13 00:00:00','2016-07-13 00:00:00'),(42,169,72,'2016-06-30 00:00:00','2016-07-14 00:00:00','2016-07-14 00:00:00'),(43,173,93,'2016-07-01 00:00:00','2016-07-15 00:00:00','2016-07-15 00:00:00'),(44,190,41,'2016-07-01 00:00:00','2016-07-15 00:00:00','2016-07-15 00:00:00'),(45,142,56,'2016-07-01 00:00:00','2016-07-15 00:00:00','2016-07-15 00:00:00'),(46,189,79,'2016-07-02 00:00:00','2016-07-16 00:00:00','2016-07-16 00:00:00'),(47,108,67,'2016-07-03 00:00:00','2016-07-17 00:00:00','2016-07-17 00:00:00'),(48,4,72,'2016-07-03 00:00:00','2016-07-17 00:00:00','2016-07-17 00:00:00'),(49,120,66,'2016-07-04 00:00:00','2016-07-18 00:00:00','2016-07-18 00:00:00'),(50,99,99,'2016-07-04 00:00:00','2016-07-18 00:00:00','2016-07-18 00:00:00'),(51,166,33,'2016-07-06 00:00:00','2016-07-20 00:00:00','2016-07-20 00:00:00'),(52,126,95,'2016-07-06 00:00:00','2016-07-20 00:00:00','2016-07-20 00:00:00'),(53,112,35,'2016-07-07 00:00:00','2016-07-21 00:00:00','2016-07-21 00:00:00'),(54,97,68,'2016-07-09 00:00:00','2016-07-23 00:00:00','2016-07-23 00:00:00'),(55,10,62,'2016-07-09 00:00:00','2016-07-23 00:00:00','2016-07-23 00:00:00'),(56,64,61,'2016-07-09 00:00:00','2016-07-23 00:00:00','2016-07-23 00:00:00'),(57,152,17,'2016-07-09 00:00:00','2016-07-23 00:00:00','2016-07-23 00:00:00'),(58,200,18,'2016-07-09 00:00:00','2016-07-23 00:00:00','2016-07-23 00:00:00'),(59,164,53,'2016-07-10 00:00:00','2016-07-24 00:00:00','2016-07-24 00:00:00'),(60,157,45,'2016-07-12 00:00:00','2016-07-26 00:00:00','2016-07-26 00:00:00'),(61,108,33,'2016-07-13 00:00:00','2016-07-27 00:00:00','2016-07-27 00:00:00'),(62,181,82,'2016-07-14 00:00:00','2016-07-28 00:00:00','2016-07-28 00:00:00'),(63,168,95,'2016-07-14 00:00:00','2016-07-28 00:00:00','2016-07-28 00:00:00'),(64,86,54,'2016-07-18 00:00:00','2016-08-01 00:00:00','2016-08-01 00:00:00'),(65,21,67,'2016-07-18 00:00:00','2016-08-01 00:00:00','2016-08-01 00:00:00'),(66,166,11,'2016-07-18 00:00:00','2016-08-01 00:00:00','2016-08-01 00:00:00'),(67,119,100,'2016-07-19 00:00:00','2016-08-02 00:00:00','2016-08-02 00:00:00'),(68,188,100,'2016-07-20 00:00:00','2016-08-03 00:00:00','2016-08-03 00:00:00'),(69,21,83,'2016-07-21 00:00:00','2016-08-04 00:00:00','2016-08-04 00:00:00'),(70,4,79,'2016-07-21 00:00:00','2016-08-04 00:00:00','2016-08-04 00:00:00'),(71,45,7,'2016-07-21 00:00:00','2016-08-04 00:00:00','2016-08-04 00:00:00'),(72,137,98,'2016-07-25 00:00:00','2016-08-08 00:00:00','2016-08-08 00:00:00'),(73,54,13,'2016-07-25 00:00:00','2016-08-08 00:00:00','2016-08-08 00:00:00'),(74,199,85,'2016-07-27 00:00:00','2016-08-10 00:00:00','2016-08-10 00:00:00'),(75,128,44,'2016-07-27 00:00:00','2016-08-10 00:00:00','2016-08-10 00:00:00'),(76,175,13,'2016-07-28 00:00:00','2016-08-11 00:00:00','2016-08-11 00:00:00'),(77,62,58,'2016-07-31 00:00:00','2016-08-14 00:00:00','2016-08-14 00:00:00'),(78,184,59,'2016-08-04 00:00:00','2016-08-18 00:00:00','2016-08-18 00:00:00'),(79,78,37,'2016-08-04 00:00:00','2016-08-18 00:00:00','2016-08-18 00:00:00'),(80,49,16,'2016-08-05 00:00:00','2016-08-19 00:00:00','2016-08-19 00:00:00'),(81,99,23,'2016-08-05 00:00:00','2016-08-19 00:00:00','2016-08-19 00:00:00'),(82,173,19,'2016-08-05 00:00:00','2016-08-19 00:00:00','2016-08-19 00:00:00'),(83,126,15,'2016-08-05 00:00:00','2016-08-19 00:00:00','2016-08-19 00:00:00'),(84,22,44,'2016-08-07 00:00:00','2016-08-21 00:00:00','2016-08-21 00:00:00'),(85,144,100,'2016-08-08 00:00:00','2016-08-22 00:00:00','2016-08-22 00:00:00'),(86,91,46,'2016-08-08 00:00:00','2016-08-22 00:00:00','2016-08-22 00:00:00'),(87,47,3,'2016-08-09 00:00:00','2016-08-23 00:00:00','2016-08-23 00:00:00'),(88,150,61,'2016-08-09 00:00:00','2016-08-23 00:00:00','2016-08-23 00:00:00'),(89,31,11,'2016-08-09 00:00:00','2016-08-23 00:00:00','2016-08-23 00:00:00'),(90,71,15,'2016-08-10 00:00:00','2016-08-24 00:00:00','2016-08-24 00:00:00'),(91,101,62,'2016-08-10 00:00:00','2016-08-24 00:00:00','2016-08-24 00:00:00'),(92,143,32,'2016-08-11 00:00:00','2016-08-25 00:00:00','2016-08-25 00:00:00'),(93,106,87,'2016-08-12 00:00:00','2016-08-26 00:00:00','2016-08-26 00:00:00'),(94,144,30,'2016-08-13 00:00:00','2016-08-27 00:00:00','2016-08-27 00:00:00'),(95,23,11,'2016-08-13 00:00:00','2016-08-27 00:00:00','2016-08-27 00:00:00'),(96,120,90,'2016-08-15 00:00:00','2016-08-29 00:00:00','2016-08-29 00:00:00'),(97,26,35,'2016-08-15 00:00:00','2016-08-29 00:00:00','2016-08-29 00:00:00'),(98,139,99,'2016-08-16 00:00:00','2016-08-30 00:00:00','2016-08-30 00:00:00'),(99,112,32,'2016-08-16 00:00:00','2016-08-30 00:00:00','2016-08-30 00:00:00'),(100,112,48,'2016-08-16 00:00:00','2016-08-30 00:00:00','2016-08-30 00:00:00'),(101,71,38,'2016-08-17 00:00:00','2016-08-31 00:00:00','2016-08-31 00:00:00'),(102,83,29,'2016-08-18 00:00:00','2016-09-01 00:00:00','2016-09-01 00:00:00'),(103,122,40,'2016-08-19 00:00:00','2016-09-02 00:00:00','2016-09-02 00:00:00'),(104,20,66,'2016-08-19 00:00:00','2016-09-02 00:00:00','2016-09-02 00:00:00'),(105,22,29,'2016-08-20 00:00:00','2016-09-03 00:00:00','2016-09-03 00:00:00'),(106,50,23,'2016-08-25 00:00:00','2016-09-08 00:00:00','2016-09-08 00:00:00'),(107,171,96,'2016-08-26 00:00:00','2016-09-09 00:00:00','2016-09-09 00:00:00'),(108,189,65,'2016-08-26 00:00:00','2016-09-09 00:00:00','2016-09-09 00:00:00'),(109,75,10,'2016-08-26 00:00:00','2016-09-09 00:00:00','2016-09-09 00:00:00'),(110,174,53,'2016-08-26 00:00:00','2016-09-09 00:00:00','2016-09-09 00:00:00'),(111,185,84,'2016-08-26 00:00:00','2016-09-09 00:00:00','2016-09-09 00:00:00'),(112,184,4,'2016-08-28 00:00:00','2016-09-11 00:00:00','2016-09-11 00:00:00'),(113,14,31,'2016-08-29 00:00:00','2016-09-12 00:00:00','2016-09-12 00:00:00'),(114,59,61,'2016-08-30 00:00:00','2016-09-13 00:00:00','2016-09-13 00:00:00'),(115,4,95,'2016-08-30 00:00:00','2016-09-13 00:00:00','2016-09-13 00:00:00'),(116,112,94,'2016-09-01 00:00:00','2016-09-15 00:00:00','2016-09-15 00:00:00'),(117,158,89,'2016-09-01 00:00:00','2016-09-15 00:00:00','2016-09-15 00:00:00'),(118,55,79,'2016-09-02 00:00:00','2016-09-16 00:00:00','2016-09-16 00:00:00'),(119,185,37,'2016-09-02 00:00:00','2016-09-16 00:00:00','2016-09-16 00:00:00'),(120,155,22,'2016-09-03 00:00:00','2016-09-17 00:00:00','2016-09-17 00:00:00'),(121,20,19,'2016-09-03 00:00:00','2016-09-17 00:00:00','2016-09-17 00:00:00'),(122,164,81,'2016-09-04 00:00:00','2016-09-18 00:00:00','2016-09-18 00:00:00'),(123,145,14,'2016-09-04 00:00:00','2016-09-18 00:00:00','2016-09-18 00:00:00'),(124,98,79,'2016-09-05 00:00:00','2016-09-19 00:00:00','2016-09-19 00:00:00'),(125,6,77,'2016-09-05 00:00:00','2016-09-19 00:00:00','2016-09-19 00:00:00'),(126,58,100,'2016-09-05 00:00:00','2016-09-19 00:00:00','2016-09-19 00:00:00'),(127,26,92,'2016-09-06 00:00:00','2016-09-20 00:00:00','2016-09-20 00:00:00'),(128,48,73,'2016-09-06 00:00:00','2016-09-20 00:00:00','2016-09-20 00:00:00'),(129,95,24,'2016-09-06 00:00:00','2016-09-20 00:00:00','2016-09-20 00:00:00'),(130,191,33,'2016-09-06 00:00:00','2016-09-20 00:00:00','2016-09-20 00:00:00'),(131,200,61,'2016-09-07 00:00:00','2016-09-21 00:00:00','2016-09-21 00:00:00'),(132,147,28,'2016-09-07 00:00:00','2016-09-21 00:00:00','2016-09-21 00:00:00'),(133,105,67,'2016-09-07 00:00:00','2016-09-21 00:00:00','2016-09-21 00:00:00'),(134,153,24,'2016-09-08 00:00:00','2016-09-22 00:00:00','2016-09-22 00:00:00'),(135,50,80,'2016-09-10 00:00:00','2016-09-24 00:00:00','2016-09-24 00:00:00'),(136,183,42,'2016-09-11 00:00:00','2016-09-25 00:00:00','2016-09-25 00:00:00'),(137,121,79,'2016-09-11 00:00:00','2016-09-25 00:00:00','2016-09-25 00:00:00'),(138,178,34,'2016-09-11 00:00:00','2016-09-25 00:00:00','2016-09-25 00:00:00'),(139,36,77,'2016-09-11 00:00:00','2016-09-25 00:00:00','2016-09-25 00:00:00'),(140,75,60,'2016-09-12 00:00:00','2016-09-26 00:00:00','2016-09-26 00:00:00'),(141,49,25,'2016-09-13 00:00:00','2016-09-27 00:00:00','2016-09-27 00:00:00'),(142,2,9,'2016-09-13 00:00:00','2016-09-27 00:00:00','2016-09-27 00:00:00'),(143,43,3,'2016-09-14 00:00:00','2016-09-28 00:00:00','2016-09-28 00:00:00'),(144,50,89,'2016-09-16 00:00:00','2016-09-30 00:00:00','2016-09-30 00:00:00'),(145,92,37,'2016-09-16 00:00:00','2016-09-30 00:00:00','2016-09-30 00:00:00'),(146,87,38,'2016-09-16 00:00:00','2016-09-30 00:00:00','2016-09-30 00:00:00'),(147,28,91,'2016-09-19 00:00:00','2016-10-03 00:00:00','2016-10-03 00:00:00'),(148,97,46,'2016-09-19 00:00:00','2016-10-03 00:00:00','2016-10-03 00:00:00'),(149,128,86,'2016-09-20 00:00:00','2016-10-04 00:00:00','2016-10-04 00:00:00'),(150,104,57,'2016-09-21 00:00:00','2016-10-05 00:00:00','2016-10-05 00:00:00'),(151,18,89,'2016-09-21 00:00:00','2016-10-05 00:00:00','2016-10-05 00:00:00'),(152,105,48,'2016-09-22 00:00:00','2016-10-06 00:00:00','2016-10-06 00:00:00'),(153,101,16,'2016-09-22 00:00:00','2016-10-06 00:00:00','2016-10-06 00:00:00'),(154,184,41,'2016-09-22 00:00:00','2016-10-06 00:00:00','2016-10-06 00:00:00'),(155,92,75,'2016-09-22 00:00:00','2016-10-06 00:00:00','2016-10-06 00:00:00'),(156,6,16,'2016-09-23 00:00:00','2016-10-07 00:00:00','2016-10-07 00:00:00'),(157,91,17,'2016-09-23 00:00:00','2016-10-07 00:00:00','2016-10-07 00:00:00'),(158,80,46,'2016-09-24 00:00:00','2016-10-08 00:00:00','2016-10-08 00:00:00'),(159,195,65,'2016-09-24 00:00:00','2016-10-08 00:00:00','2016-10-08 00:00:00'),(160,113,91,'2016-09-24 00:00:00','2016-10-08 00:00:00','2016-10-08 00:00:00'),(161,60,26,'2016-09-25 00:00:00','2016-10-09 00:00:00','2016-10-09 00:00:00'),(162,116,81,'2016-09-25 00:00:00','2016-10-09 00:00:00','2016-10-09 00:00:00'),(163,86,9,'2016-09-25 00:00:00','2016-10-09 00:00:00','2016-10-09 00:00:00'),(164,135,79,'2016-09-26 00:00:00','2016-10-10 00:00:00','2016-10-10 00:00:00'),(165,48,55,'2016-09-28 00:00:00','2016-10-12 00:00:00','2016-10-12 00:00:00'),(166,29,47,'2016-09-28 00:00:00','2016-10-12 00:00:00','2016-10-12 00:00:00'),(167,74,86,'2016-09-29 00:00:00','2016-10-13 00:00:00','2016-10-13 00:00:00'),(168,114,31,'2016-09-30 00:00:00','2016-10-14 00:00:00','2016-10-14 00:00:00'),(169,58,29,'2016-09-30 00:00:00','2016-10-14 00:00:00','2016-10-14 00:00:00'),(170,112,16,'2016-09-30 00:00:00','2016-10-14 00:00:00','2016-10-14 00:00:00'),(171,83,25,'2016-10-01 00:00:00','2016-10-15 00:00:00','2016-10-15 00:00:00'),(172,75,90,'2016-10-01 00:00:00','2016-10-15 00:00:00','2016-10-15 00:00:00'),(173,27,100,'2016-10-02 00:00:00','2016-10-16 00:00:00','2016-10-16 00:00:00'),(174,6,53,'2016-10-03 00:00:00','2016-10-17 00:00:00','2016-10-17 00:00:00'),(175,67,26,'2016-10-04 00:00:00','2016-10-18 00:00:00','2016-10-18 00:00:00'),(176,14,9,'2016-10-05 00:00:00','2016-10-19 00:00:00','2016-10-19 00:00:00'),(177,108,51,'2016-10-08 00:00:00','2016-10-22 00:00:00','2016-10-22 00:00:00'),(178,150,42,'2016-10-08 00:00:00','2016-10-22 00:00:00','2016-10-22 00:00:00'),(179,60,23,'2016-10-09 00:00:00','2016-10-23 00:00:00','2016-10-23 00:00:00'),(180,16,95,'2016-10-09 00:00:00','2016-10-23 00:00:00','2016-10-23 00:00:00'),(181,14,92,'2016-10-09 00:00:00','2016-10-23 00:00:00','2016-10-23 00:00:00'),(182,87,3,'2016-10-09 00:00:00','2016-10-23 00:00:00','2016-10-23 00:00:00'),(183,182,38,'2016-10-10 00:00:00','2016-10-24 00:00:00','2016-10-24 00:00:00'),(184,163,78,'2016-10-11 00:00:00','2016-10-25 00:00:00','2016-10-25 00:00:00'),(185,143,44,'2016-10-13 00:00:00','2016-10-27 00:00:00','2016-10-27 00:00:00'),(186,176,100,'2016-10-14 00:00:00','2016-10-28 00:00:00','2016-10-28 00:00:00'),(187,44,69,'2016-10-14 00:00:00','2016-10-28 00:00:00','2016-10-28 00:00:00'),(188,96,21,'2016-10-14 00:00:00','2016-10-28 00:00:00','2016-10-28 00:00:00'),(189,89,72,'2016-10-14 00:00:00','2016-10-28 00:00:00','2016-10-28 00:00:00'),(190,126,15,'2016-10-15 00:00:00','2016-10-29 00:00:00','2016-10-29 00:00:00'),(191,83,95,'2016-10-18 00:00:00','2016-11-01 00:00:00','2016-11-01 00:00:00'),(192,109,56,'2016-10-18 00:00:00','2016-11-01 00:00:00','2016-11-01 00:00:00'),(193,148,51,'2016-10-19 00:00:00','2016-11-02 00:00:00','2016-11-02 00:00:00'),(194,120,60,'2016-10-20 00:00:00','2016-11-03 00:00:00','2016-11-03 00:00:00'),(195,118,88,'2016-10-20 00:00:00','2016-11-03 00:00:00','2016-11-03 00:00:00'),(196,169,90,'2016-10-20 00:00:00','2016-11-03 00:00:00','2016-11-03 00:00:00'),(197,58,17,'2016-10-22 00:00:00','2016-11-05 00:00:00','2016-11-05 00:00:00'),(198,49,44,'2016-10-23 00:00:00','2016-11-06 00:00:00','2016-11-06 00:00:00'),(199,163,98,'2016-10-23 00:00:00','2016-11-06 00:00:00','2016-11-06 00:00:00'),(200,106,50,'2016-10-23 00:00:00','2016-11-06 00:00:00','2016-11-06 00:00:00'),(201,103,36,'2016-10-24 00:00:00','2016-11-07 00:00:00','2016-11-07 00:00:00'),(202,54,87,'2016-10-25 00:00:00','2016-11-08 00:00:00','2016-11-08 00:00:00'),(203,178,58,'2016-10-25 00:00:00','2016-11-08 00:00:00','2016-11-08 00:00:00'),(204,60,71,'2016-10-25 00:00:00','2016-11-08 00:00:00','2016-11-08 00:00:00'),(205,64,47,'2016-10-26 00:00:00','2016-11-09 00:00:00','2016-11-09 00:00:00'),(206,34,14,'2016-10-26 00:00:00','2016-11-09 00:00:00','2016-11-09 00:00:00'),(207,41,58,'2016-10-27 00:00:00','2016-11-10 00:00:00','2016-11-10 00:00:00'),(208,160,22,'2016-10-27 00:00:00','2016-11-10 00:00:00','2016-11-10 00:00:00'),(209,90,81,'2016-10-28 00:00:00','2016-11-11 00:00:00','2016-11-11 00:00:00'),(210,69,65,'2016-10-29 00:00:00','2016-11-12 00:00:00','2016-11-12 00:00:00'),(211,92,8,'2016-10-30 00:00:00','2016-11-13 00:00:00','2016-11-13 00:00:00'),(212,72,25,'2016-10-31 00:00:00','2016-11-14 00:00:00','2016-11-14 00:00:00'),(213,44,16,'2016-11-01 00:00:00','2016-11-15 00:00:00','2016-11-15 00:00:00'),(214,113,51,'2016-11-01 00:00:00','2016-11-15 00:00:00','2016-11-15 00:00:00'),(215,149,20,'2016-11-03 00:00:00','2016-11-17 00:00:00','2016-11-17 00:00:00'),(216,168,17,'2016-11-04 00:00:00','2016-11-18 00:00:00','2016-11-18 00:00:00'),(217,171,50,'2016-11-04 00:00:00','2016-11-18 00:00:00','2016-11-18 00:00:00'),(218,127,71,'2016-11-05 00:00:00','2016-11-19 00:00:00','2016-11-19 00:00:00'),(219,29,17,'2016-11-07 00:00:00','2016-11-21 00:00:00','2016-11-21 00:00:00'),(220,3,35,'2016-11-08 00:00:00','2016-11-22 00:00:00','2016-11-22 00:00:00'),(221,145,2,'2016-11-09 00:00:00','2016-11-23 00:00:00','2016-11-23 00:00:00'),(222,163,4,'2016-11-09 00:00:00','2016-11-23 00:00:00','2016-11-23 00:00:00'),(223,79,6,'2016-11-09 00:00:00','2016-11-23 00:00:00','2016-11-23 00:00:00'),(224,83,33,'2016-11-10 00:00:00','2016-11-24 00:00:00','2016-11-24 00:00:00'),(225,186,88,'2016-11-10 00:00:00','2016-11-24 00:00:00','2016-11-24 00:00:00'),(226,168,6,'2016-11-12 00:00:00','2016-11-26 00:00:00','2016-11-26 00:00:00'),(227,59,85,'2016-11-13 00:00:00','2016-11-27 00:00:00','2016-11-27 00:00:00'),(228,128,25,'2016-11-13 00:00:00','2016-11-27 00:00:00','2016-11-27 00:00:00'),(229,20,90,'2016-11-14 00:00:00','2016-11-28 00:00:00','2016-11-28 00:00:00'),(230,29,86,'2016-11-15 00:00:00','2016-11-29 00:00:00','2016-11-29 00:00:00'),(231,121,33,'2016-11-16 00:00:00','2016-11-30 00:00:00','2016-11-30 00:00:00'),(232,52,65,'2016-11-16 00:00:00','2016-11-30 00:00:00','2016-11-30 00:00:00'),(233,84,65,'2016-11-16 00:00:00','2016-11-30 00:00:00','2016-11-30 00:00:00'),(234,129,55,'2016-11-17 00:00:00','2016-12-01 00:00:00','2016-12-01 00:00:00'),(235,102,36,'2016-11-18 00:00:00','2016-12-02 00:00:00','2016-12-02 00:00:00'),(236,117,54,'2016-11-18 00:00:00','2016-12-02 00:00:00','2016-12-02 00:00:00'),(237,164,95,'2016-11-18 00:00:00','2016-12-02 00:00:00','2016-12-02 00:00:00'),(238,180,99,'2016-11-19 00:00:00','2016-12-03 00:00:00','2016-12-03 00:00:00'),(239,34,98,'2016-11-19 00:00:00','2016-12-03 00:00:00','2016-12-03 00:00:00'),(240,156,31,'2016-11-19 00:00:00','2016-12-03 00:00:00','2016-12-03 00:00:00'),(241,71,21,'2016-11-20 00:00:00','2016-12-04 00:00:00','2016-12-04 00:00:00'),(242,86,41,'2016-11-20 00:00:00','2016-12-04 00:00:00','2016-12-04 00:00:00'),(243,112,65,'2016-11-21 00:00:00','2016-12-05 00:00:00','2016-12-05 00:00:00'),(244,14,55,'2016-11-21 00:00:00','2016-12-05 00:00:00','2016-12-05 00:00:00'),(245,161,97,'2016-11-22 00:00:00','2016-12-06 00:00:00','2016-12-06 00:00:00'),(246,185,90,'2016-11-23 00:00:00','2016-12-07 00:00:00','2016-12-07 00:00:00'),(247,88,13,'2016-11-24 00:00:00','2016-12-08 00:00:00','2016-12-08 00:00:00'),(248,72,48,'2016-11-24 00:00:00','2016-12-08 00:00:00','2016-12-08 00:00:00'),(249,4,91,'2016-11-26 00:00:00','2016-12-10 00:00:00','2016-12-10 00:00:00'),(250,60,24,'2016-11-26 00:00:00','2016-12-10 00:00:00','2016-12-10 00:00:00'),(251,58,52,'2016-11-27 00:00:00','2016-12-11 00:00:00','2016-12-11 00:00:00'),(252,116,53,'2016-11-27 00:00:00','2016-12-11 00:00:00','2016-12-11 00:00:00'),(253,178,70,'2016-11-28 00:00:00','2016-12-12 00:00:00','2016-12-12 00:00:00'),(254,43,57,'2016-11-28 00:00:00','2016-12-12 00:00:00','2016-12-12 00:00:00'),(255,163,2,'2016-11-29 00:00:00','2016-12-13 00:00:00','2016-12-13 00:00:00'),(256,45,51,'2016-11-30 00:00:00','2016-12-14 00:00:00','2016-12-14 00:00:00'),(257,120,77,'2016-11-30 00:00:00','2016-12-14 00:00:00','2016-12-14 00:00:00'),(258,122,85,'2016-12-01 00:00:00','2016-12-15 00:00:00','2016-12-15 00:00:00'),(259,95,100,'2016-12-01 00:00:00','2016-12-15 00:00:00','2016-12-15 00:00:00'),(260,28,40,'2016-12-02 00:00:00','2016-12-16 00:00:00','2016-12-16 00:00:00'),(261,149,92,'2016-12-02 00:00:00','2016-12-16 00:00:00','2016-12-16 00:00:00'),(262,136,10,'2016-12-02 00:00:00','2016-12-16 00:00:00','2016-12-16 00:00:00'),(263,41,51,'2016-12-02 00:00:00','2016-12-16 00:00:00','2016-12-16 00:00:00'),(264,145,69,'2016-12-04 00:00:00','2016-12-18 00:00:00','2016-12-18 00:00:00'),(265,11,19,'2016-12-04 00:00:00','2016-12-18 00:00:00','2016-12-18 00:00:00'),(266,64,5,'2016-12-04 00:00:00','2016-12-18 00:00:00','2016-12-18 00:00:00'),(267,46,99,'2016-12-04 00:00:00','2016-12-18 00:00:00','2016-12-18 00:00:00'),(268,171,30,'2016-12-05 00:00:00','2016-12-19 00:00:00','2016-12-19 00:00:00'),(269,84,56,'2016-12-05 00:00:00','2016-12-19 00:00:00','2016-12-19 00:00:00'),(270,181,6,'2016-12-06 00:00:00','2016-12-20 00:00:00','2016-12-20 00:00:00'),(271,45,74,'2016-12-06 00:00:00','2016-12-20 00:00:00','2016-12-20 00:00:00'),(272,14,90,'2016-12-09 00:00:00','2016-12-23 00:00:00','2016-12-23 00:00:00'),(273,18,33,'2016-12-10 00:00:00','2016-12-24 00:00:00','2016-12-24 00:00:00'),(274,156,79,'2016-12-10 00:00:00','2016-12-24 00:00:00','2016-12-24 00:00:00'),(275,191,88,'2016-12-11 00:00:00','2016-12-25 00:00:00','2016-12-25 00:00:00'),(276,19,80,'2016-12-14 00:00:00','2016-12-28 00:00:00','2016-12-28 00:00:00'),(277,36,30,'2016-12-16 00:00:00','2016-12-30 00:00:00','2016-12-30 00:00:00'),(278,131,95,'2016-12-16 00:00:00','2016-12-30 00:00:00','2016-12-30 00:00:00'),(279,18,55,'2016-12-16 00:00:00','2016-12-30 00:00:00','2016-12-30 00:00:00'),(280,158,10,'2016-12-17 00:00:00','2016-12-31 00:00:00','2016-12-31 00:00:00'),(281,21,23,'2016-12-17 00:00:00','2016-12-31 00:00:00','2016-12-31 00:00:00'),(282,175,77,'2016-12-17 00:00:00','2016-12-31 00:00:00','2016-12-31 00:00:00'),(283,188,30,'2016-12-17 00:00:00','2016-12-31 00:00:00','2016-12-31 00:00:00'),(284,157,69,'2016-12-18 00:00:00','2017-01-01 00:00:00','2017-01-01 00:00:00'),(285,10,1,'2016-12-18 00:00:00','2017-01-01 00:00:00','2017-01-01 00:00:00'),(286,110,4,'2016-12-18 00:00:00','2017-01-01 00:00:00','2017-01-01 00:00:00'),(287,167,19,'2016-12-19 00:00:00','2017-01-02 00:00:00','2017-01-02 00:00:00'),(288,131,45,'2016-12-19 00:00:00','2017-01-02 00:00:00','2017-01-02 00:00:00'),(289,104,59,'2016-12-20 00:00:00','2017-01-03 00:00:00','2017-01-03 00:00:00'),(290,145,97,'2016-12-20 00:00:00','2017-01-03 00:00:00','2017-01-03 00:00:00'),(291,102,80,'2016-12-21 00:00:00','2017-01-04 00:00:00','2017-01-04 00:00:00'),(292,196,5,'2016-12-21 00:00:00','2017-01-04 00:00:00','2017-01-04 00:00:00'),(293,40,29,'2016-12-23 00:00:00','2017-01-06 00:00:00','2017-01-06 00:00:00'),(294,33,98,'2016-12-23 00:00:00','2017-01-06 00:00:00','2017-01-06 00:00:00'),(295,146,30,'2016-12-24 00:00:00','2017-01-07 00:00:00','2017-01-07 00:00:00'),(296,36,92,'2016-12-25 00:00:00','2017-01-08 00:00:00','2017-01-08 00:00:00'),(297,52,77,'2016-12-25 00:00:00','2017-01-08 00:00:00','2017-01-08 00:00:00'),(298,50,81,'2016-12-25 00:00:00','2017-01-08 00:00:00','2017-01-08 00:00:00'),(299,37,9,'2016-12-27 00:00:00','2017-01-10 00:00:00','2017-01-10 00:00:00'),(300,170,84,'2016-12-28 00:00:00','2017-01-11 00:00:00','2017-01-11 00:00:00'),(301,62,46,'2016-12-28 00:00:00','2017-01-11 00:00:00','2017-01-11 00:00:00'),(302,107,75,'2016-12-28 00:00:00','2017-01-11 00:00:00','2017-01-11 00:00:00'),(303,196,42,'2016-12-29 00:00:00','2017-01-12 00:00:00','2017-01-12 00:00:00'),(304,13,13,'2016-12-30 00:00:00','2017-01-13 00:00:00','2017-01-13 00:00:00'),(305,48,96,'2016-12-30 00:00:00','2017-01-13 00:00:00','2017-01-13 00:00:00'),(306,25,29,'2016-12-31 00:00:00','2017-01-14 00:00:00','2017-01-14 00:00:00'),(307,164,100,'2017-01-02 00:00:00','2017-01-16 00:00:00','2017-01-16 00:00:00'),(308,81,8,'2017-01-04 00:00:00','2017-01-18 00:00:00','2017-01-18 00:00:00'),(309,149,8,'2017-01-05 00:00:00','2017-01-19 00:00:00','2017-01-19 00:00:00'),(310,58,91,'2017-01-05 00:00:00','2017-01-19 00:00:00','2017-01-19 00:00:00'),(311,114,42,'2017-01-06 00:00:00','2017-01-20 00:00:00','2017-01-20 00:00:00'),(312,162,17,'2017-01-06 00:00:00','2017-01-20 00:00:00','2017-01-20 00:00:00'),(313,185,21,'2017-01-06 00:00:00','2017-01-20 00:00:00','2017-01-20 00:00:00'),(314,166,42,'2017-01-07 00:00:00','2017-01-21 00:00:00','2017-01-21 00:00:00'),(315,181,1,'2017-01-08 00:00:00','2017-01-22 00:00:00','2017-01-22 00:00:00'),(316,151,75,'2017-01-09 00:00:00','2017-01-23 00:00:00','2017-01-23 00:00:00'),(317,141,63,'2017-01-09 00:00:00','2017-01-23 00:00:00','2017-01-23 00:00:00'),(318,16,24,'2017-01-09 00:00:00','2017-01-23 00:00:00','2017-01-23 00:00:00'),(319,129,26,'2017-01-09 00:00:00','2017-01-23 00:00:00','2017-01-23 00:00:00'),(320,131,48,'2017-01-09 00:00:00','2017-01-23 00:00:00','2017-01-23 00:00:00'),(321,104,56,'2017-01-11 00:00:00','2017-01-25 00:00:00','2017-01-25 00:00:00'),(322,137,11,'2017-01-12 00:00:00','2017-01-26 00:00:00','2017-01-26 00:00:00'),(323,134,81,'2017-01-14 00:00:00','2017-01-28 00:00:00','2017-01-28 00:00:00'),(324,139,66,'2017-01-15 00:00:00','2017-01-29 00:00:00','2017-01-29 00:00:00'),(325,126,27,'2017-01-15 00:00:00','2017-01-29 00:00:00','2017-01-29 00:00:00'),(326,183,52,'2017-01-18 00:00:00','2017-02-01 00:00:00','2017-02-01 00:00:00'),(327,90,95,'2017-01-19 00:00:00','2017-02-02 00:00:00','2017-02-02 00:00:00'),(328,120,80,'2017-01-19 00:00:00','2017-02-02 00:00:00','2017-02-02 00:00:00'),(329,101,40,'2017-01-20 00:00:00','2017-02-03 00:00:00','2017-02-03 00:00:00'),(330,86,48,'2017-01-22 00:00:00','2017-02-05 00:00:00','2017-02-05 00:00:00'),(331,104,3,'2017-01-22 00:00:00','2017-02-05 00:00:00','2017-02-05 00:00:00'),(332,54,17,'2017-01-23 00:00:00','2017-02-06 00:00:00','2017-02-06 00:00:00'),(333,25,80,'2017-01-24 00:00:00','2017-02-07 00:00:00','2017-02-07 00:00:00'),(334,100,16,'2017-01-25 00:00:00','2017-02-08 00:00:00','2017-02-08 00:00:00'),(335,181,32,'2017-01-25 00:00:00','2017-02-08 00:00:00','2017-02-08 00:00:00'),(336,30,55,'2017-01-26 00:00:00','2017-02-09 00:00:00','2017-02-09 00:00:00'),(337,90,15,'2017-01-26 00:00:00','2017-02-09 00:00:00','2017-02-09 00:00:00'),(338,182,27,'2017-01-26 00:00:00','2017-02-09 00:00:00','2017-02-09 00:00:00'),(339,165,19,'2017-01-27 00:00:00','2017-02-10 00:00:00','2017-02-10 00:00:00'),(340,146,93,'2017-01-27 00:00:00','2017-02-10 00:00:00','2017-02-10 00:00:00'),(341,138,62,'2017-01-27 00:00:00','2017-02-10 00:00:00','2017-02-10 00:00:00'),(342,70,99,'2017-01-29 00:00:00','2017-02-12 00:00:00','2017-02-12 00:00:00'),(343,163,63,'2017-01-30 00:00:00','2017-02-13 00:00:00','2017-02-13 00:00:00'),(344,103,84,'2017-01-31 00:00:00','2017-02-14 00:00:00','2017-02-14 00:00:00'),(345,191,47,'2017-02-01 00:00:00','2017-02-15 00:00:00','2017-02-15 00:00:00'),(346,22,77,'2017-02-01 00:00:00','2017-02-15 00:00:00','2017-02-15 00:00:00'),(347,96,28,'2017-02-01 00:00:00','2017-02-15 00:00:00','2017-02-15 00:00:00'),(348,183,36,'2017-02-02 00:00:00','2017-02-16 00:00:00','2017-02-16 00:00:00'),(349,142,53,'2017-02-02 00:00:00','2017-02-16 00:00:00','2017-02-16 00:00:00'),(350,129,35,'2017-02-03 00:00:00','2017-02-17 00:00:00','2017-02-17 00:00:00'),(351,163,22,'2017-02-05 00:00:00','2017-02-19 00:00:00','2017-02-19 00:00:00'),(352,121,39,'2017-02-06 00:00:00','2017-02-20 00:00:00','2017-02-20 00:00:00'),(353,99,12,'2017-02-07 00:00:00','2017-02-21 00:00:00','2017-02-21 00:00:00'),(354,115,94,'2017-02-07 00:00:00','2017-02-21 00:00:00','2017-02-21 00:00:00'),(355,123,19,'2017-02-07 00:00:00','2017-02-21 00:00:00','2017-02-21 00:00:00'),(356,150,86,'2017-02-07 00:00:00','2017-02-21 00:00:00','2017-02-21 00:00:00'),(357,40,10,'2017-02-07 00:00:00','2017-02-21 00:00:00','2017-02-21 00:00:00'),(358,37,37,'2017-02-07 00:00:00','2017-02-21 00:00:00','2017-02-21 00:00:00'),(359,164,28,'2017-02-09 00:00:00','2017-02-23 00:00:00','2017-02-23 00:00:00'),(360,68,69,'2017-02-09 00:00:00','2017-02-23 00:00:00','2017-02-23 00:00:00'),(361,114,62,'2017-02-10 00:00:00','2017-02-24 00:00:00','2017-02-24 00:00:00'),(362,72,87,'2017-02-10 00:00:00','2017-02-24 00:00:00','2017-02-24 00:00:00'),(363,84,31,'2017-02-10 00:00:00','2017-02-24 00:00:00','2017-02-24 00:00:00'),(364,2,94,'2017-02-10 00:00:00','2017-02-24 00:00:00','2017-02-24 00:00:00'),(365,96,6,'2017-02-10 00:00:00','2017-02-24 00:00:00','2017-02-24 00:00:00'),(366,192,23,'2017-02-11 00:00:00','2017-02-25 00:00:00','2017-02-25 00:00:00'),(367,57,11,'2017-02-11 00:00:00','2017-02-25 00:00:00','2017-02-25 00:00:00'),(368,1,52,'2017-02-11 00:00:00','2017-02-25 00:00:00','2017-02-25 00:00:00'),(369,50,82,'2017-02-11 00:00:00','2017-02-25 00:00:00','2017-02-25 00:00:00'),(370,148,100,'2017-02-11 00:00:00','2017-02-25 00:00:00','2017-02-25 00:00:00'),(371,141,36,'2017-02-12 00:00:00','2017-02-26 00:00:00','2017-02-26 00:00:00'),(372,62,78,'2017-02-13 00:00:00','2017-02-27 00:00:00','2017-02-27 00:00:00'),(373,148,74,'2017-02-14 00:00:00','2017-02-28 00:00:00','2017-02-28 00:00:00'),(374,91,6,'2017-02-16 00:00:00','2017-03-02 00:00:00','2017-03-02 00:00:00'),(375,139,64,'2017-02-16 00:00:00','2017-03-02 00:00:00','2017-03-02 00:00:00'),(376,70,85,'2017-02-16 00:00:00','2017-03-02 00:00:00','2017-03-02 00:00:00'),(377,146,26,'2017-02-17 00:00:00','2017-03-03 00:00:00','2017-03-03 00:00:00'),(378,158,17,'2017-02-17 00:00:00','2017-03-03 00:00:00','2017-03-03 00:00:00'),(379,44,36,'2017-02-17 00:00:00','2017-03-03 00:00:00','2017-03-03 00:00:00'),(380,91,14,'2017-02-18 00:00:00','2017-03-04 00:00:00','2017-03-04 00:00:00'),(381,19,22,'2017-02-19 00:00:00','2017-03-05 00:00:00','2017-03-05 00:00:00'),(382,185,98,'2017-02-19 00:00:00','2017-03-05 00:00:00','2017-03-05 00:00:00'),(383,26,15,'2017-02-20 00:00:00','2017-03-06 00:00:00','2017-03-06 00:00:00'),(384,54,81,'2017-02-20 00:00:00','2017-03-06 00:00:00','2017-03-06 00:00:00'),(385,80,80,'2017-02-21 00:00:00','2017-03-07 00:00:00','2017-03-07 00:00:00'),(386,146,34,'2017-02-22 00:00:00','2017-03-08 00:00:00','2017-03-08 00:00:00'),(387,24,42,'2017-02-22 00:00:00','2017-03-08 00:00:00','2017-03-08 00:00:00'),(388,144,32,'2017-02-23 00:00:00','2017-03-09 00:00:00','2017-03-09 00:00:00'),(389,168,63,'2017-02-23 00:00:00','2017-03-09 00:00:00','2017-03-09 00:00:00'),(390,106,67,'2017-02-25 00:00:00','2017-03-11 00:00:00','2017-03-11 00:00:00'),(391,138,20,'2017-02-25 00:00:00','2017-03-11 00:00:00','2017-03-11 00:00:00'),(392,34,56,'2017-02-26 00:00:00','2017-03-12 00:00:00','2017-03-12 00:00:00'),(393,165,97,'2017-02-27 00:00:00','2017-03-13 00:00:00','2017-03-13 00:00:00'),(394,46,48,'2017-02-28 00:00:00','2017-03-14 00:00:00','2017-03-14 00:00:00'),(395,172,45,'2017-02-28 00:00:00','2017-03-14 00:00:00','2017-03-14 00:00:00'),(396,146,54,'2017-02-28 00:00:00','2017-03-14 00:00:00','2017-03-14 00:00:00'),(397,16,15,'2017-03-01 00:00:00','2017-03-15 00:00:00','2017-03-15 00:00:00'),(398,102,88,'2017-03-02 00:00:00','2017-03-16 00:00:00','2017-03-16 00:00:00'),(399,189,32,'2017-03-03 00:00:00','2017-03-17 00:00:00','2017-03-17 00:00:00'),(400,190,32,'2017-03-03 00:00:00','2017-03-17 00:00:00','2017-03-17 00:00:00'),(401,138,53,'2017-03-03 00:00:00','2017-03-17 00:00:00','2017-03-17 00:00:00'),(402,50,86,'2017-03-05 00:00:00','2017-03-19 00:00:00','2017-03-19 00:00:00'),(403,41,48,'2017-03-06 00:00:00','2017-03-20 00:00:00','2017-03-20 00:00:00'),(404,131,100,'2017-03-08 00:00:00','2017-03-22 00:00:00','2017-03-22 00:00:00'),(405,53,66,'2017-03-09 00:00:00','2017-03-23 00:00:00','2017-03-23 00:00:00'),(406,4,2,'2017-03-10 00:00:00','2017-03-24 00:00:00','2017-03-24 00:00:00'),(407,92,23,'2017-03-10 00:00:00','2017-03-24 00:00:00','2017-03-24 00:00:00'),(408,88,48,'2017-03-11 00:00:00','2017-03-25 00:00:00','2017-03-25 00:00:00'),(409,167,32,'2017-03-13 00:00:00','2017-03-27 00:00:00','2017-03-27 00:00:00'),(410,176,95,'2017-03-13 00:00:00','2017-03-27 00:00:00','2017-03-27 00:00:00'),(411,180,4,'2017-03-13 00:00:00','2017-03-27 00:00:00','2017-03-27 00:00:00'),(412,59,74,'2017-03-14 00:00:00','2017-03-28 00:00:00','2017-03-28 00:00:00'),(413,168,65,'2017-03-14 00:00:00','2017-03-28 00:00:00','2017-03-28 00:00:00'),(414,148,70,'2017-03-14 00:00:00','2017-03-28 00:00:00','2017-03-28 00:00:00'),(415,74,94,'2017-03-15 00:00:00','2017-03-29 00:00:00','2017-03-29 00:00:00'),(416,122,89,'2017-03-16 00:00:00','2017-03-30 00:00:00','2017-03-30 00:00:00'),(417,96,48,'2017-03-16 00:00:00','2017-03-30 00:00:00','2017-03-30 00:00:00'),(418,78,99,'2017-03-16 00:00:00','2017-03-30 00:00:00','2017-03-30 00:00:00'),(419,95,17,'2017-03-16 00:00:00','2017-03-30 00:00:00','2017-03-30 00:00:00'),(420,136,45,'2017-03-17 00:00:00','2017-03-31 00:00:00','2017-03-31 00:00:00'),(421,69,50,'2017-03-17 00:00:00','2017-03-31 00:00:00','2017-03-31 00:00:00'),(422,183,43,'2017-03-17 00:00:00','2017-03-31 00:00:00','2017-03-31 00:00:00'),(423,177,74,'2017-03-18 00:00:00','2017-04-01 00:00:00','2017-04-01 00:00:00'),(424,86,85,'2017-03-19 00:00:00','2017-04-02 00:00:00','2017-04-02 00:00:00'),(425,76,36,'2017-03-19 00:00:00','2017-04-02 00:00:00','2017-04-02 00:00:00'),(426,147,13,'2017-03-21 00:00:00','2017-04-04 00:00:00','2017-04-04 00:00:00'),(427,11,72,'2017-03-23 00:00:00','2017-04-06 00:00:00','2017-04-06 00:00:00'),(428,194,47,'2017-03-23 00:00:00','2017-04-06 00:00:00','2017-04-06 00:00:00'),(429,196,84,'2017-03-23 00:00:00','2017-04-06 00:00:00','2017-04-06 00:00:00'),(430,24,88,'2017-03-25 00:00:00','2017-04-08 00:00:00','2017-04-08 00:00:00'),(431,194,86,'2017-03-26 00:00:00','2017-04-09 00:00:00','2017-04-09 00:00:00'),(432,20,61,'2017-03-28 00:00:00','2017-04-11 00:00:00','2017-04-11 00:00:00'),(433,10,66,'2017-03-29 00:00:00','2017-04-12 00:00:00','2017-04-12 00:00:00'),(434,178,1,'2017-03-29 00:00:00','2017-04-12 00:00:00','2017-04-12 00:00:00'),(435,177,100,'2017-03-31 00:00:00','2017-04-14 00:00:00','2017-04-14 00:00:00'),(436,62,15,'2017-04-01 00:00:00','2017-04-15 00:00:00','2017-04-15 00:00:00'),(437,119,60,'2017-04-01 00:00:00','2017-04-15 00:00:00','2017-04-15 00:00:00'),(438,65,84,'2017-04-01 00:00:00','2017-04-15 00:00:00','2017-04-15 00:00:00'),(439,54,86,'2017-04-03 00:00:00','2017-04-17 00:00:00','2017-04-17 00:00:00'),(440,28,82,'2017-04-03 00:00:00','2017-04-17 00:00:00','2017-04-17 00:00:00'),(441,141,25,'2017-04-04 00:00:00','2017-04-18 00:00:00','2017-04-18 00:00:00'),(442,191,8,'2017-04-05 00:00:00','2017-04-19 00:00:00','2017-04-19 00:00:00'),(443,197,94,'2017-04-06 00:00:00','2017-04-20 00:00:00','2017-04-20 00:00:00'),(444,169,92,'2017-04-06 00:00:00','2017-04-20 00:00:00','2017-04-20 00:00:00'),(445,101,12,'2017-04-06 00:00:00','2017-04-20 00:00:00','2017-04-20 00:00:00'),(446,25,11,'2017-04-07 00:00:00','2017-04-21 00:00:00','2017-04-21 00:00:00'),(447,109,74,'2017-04-07 00:00:00','2017-04-21 00:00:00','2017-04-21 00:00:00'),(448,142,17,'2017-04-07 00:00:00','2017-04-21 00:00:00','2017-04-21 00:00:00'),(449,24,41,'2017-04-07 00:00:00','2017-04-21 00:00:00','2017-04-21 00:00:00'),(450,94,58,'2017-04-08 00:00:00','2017-04-22 00:00:00','2017-04-22 00:00:00'),(451,198,11,'2017-04-09 00:00:00','2017-04-23 00:00:00','2017-04-23 00:00:00'),(452,14,6,'2017-04-10 00:00:00','2017-04-24 00:00:00','2017-04-24 00:00:00'),(453,66,23,'2017-04-11 00:00:00','2017-04-25 00:00:00','2017-04-25 00:00:00'),(454,117,32,'2017-04-12 00:00:00','2017-04-26 00:00:00','2017-04-26 00:00:00'),(455,20,51,'2017-04-15 00:00:00','2017-04-29 00:00:00','2017-04-29 00:00:00'),(456,109,84,'2017-04-15 00:00:00','2017-04-29 00:00:00','2017-04-29 00:00:00'),(457,193,74,'2017-04-17 00:00:00','2017-05-01 00:00:00','2017-05-01 00:00:00'),(458,135,13,'2017-04-18 00:00:00','2017-05-02 00:00:00','2017-05-02 00:00:00'),(459,100,87,'2017-04-18 00:00:00','2017-05-02 00:00:00','2017-05-02 00:00:00'),(460,5,97,'2017-04-21 00:00:00','2017-05-05 00:00:00','2017-05-05 00:00:00'),(461,148,26,'2017-04-22 00:00:00','2017-05-06 00:00:00','2017-05-06 00:00:00'),(462,105,64,'2017-04-22 00:00:00','2017-05-06 00:00:00','2017-05-06 00:00:00'),(463,56,59,'2017-04-23 00:00:00','2017-05-07 00:00:00','2017-05-07 00:00:00'),(464,153,40,'2017-04-25 00:00:00','2017-05-09 00:00:00','2017-05-09 00:00:00'),(465,1,53,'2017-04-26 00:00:00','2017-05-10 00:00:00','2017-05-10 00:00:00'),(466,167,23,'2017-04-27 00:00:00','2017-05-11 00:00:00','2017-05-11 00:00:00'),(467,150,88,'2017-04-27 00:00:00','2017-05-11 00:00:00','2017-05-11 00:00:00'),(468,187,33,'2017-04-29 00:00:00','2017-05-13 00:00:00','2017-05-13 00:00:00'),(469,152,35,'2017-04-29 00:00:00','2017-05-13 00:00:00','2017-05-13 00:00:00'),(470,128,75,'2017-05-02 00:00:00','2017-05-16 00:00:00','2017-05-16 00:00:00'),(471,121,97,'2017-05-02 00:00:00','2017-05-16 00:00:00','2017-05-16 00:00:00'),(472,195,56,'2017-05-03 00:00:00','2017-05-17 00:00:00','2017-05-17 00:00:00'),(473,48,9,'2017-05-04 00:00:00','2017-05-18 00:00:00','2017-05-18 00:00:00'),(474,41,62,'2017-05-04 00:00:00','2017-05-18 00:00:00','2017-05-18 00:00:00'),(475,54,51,'2017-05-05 00:00:00','2017-05-19 00:00:00','2017-05-19 00:00:00'),(476,123,78,'2017-05-05 00:00:00','2017-05-19 00:00:00','2017-05-19 00:00:00'),(477,125,74,'2017-05-05 00:00:00','2017-05-19 00:00:00','2017-05-19 00:00:00'),(478,116,4,'2017-05-06 00:00:00','2017-05-20 00:00:00','2017-05-20 00:00:00'),(479,98,83,'2017-05-06 00:00:00','2017-05-20 00:00:00','2017-05-20 00:00:00'),(480,12,39,'2017-05-07 00:00:00','2017-05-21 00:00:00','2017-05-21 00:00:00'),(481,36,22,'2017-05-08 00:00:00','2017-05-22 00:00:00','2017-05-22 00:00:00'),(482,55,49,'2017-05-09 00:00:00','2017-05-23 00:00:00','2017-05-23 00:00:00'),(483,176,22,'2017-05-11 00:00:00','2017-05-25 00:00:00','2017-05-25 00:00:00'),(484,21,50,'2017-05-12 00:00:00','2017-05-26 00:00:00','2017-05-26 00:00:00'),(485,56,94,'2017-05-13 00:00:00','2017-05-27 00:00:00','2017-05-27 00:00:00'),(486,31,58,'2017-05-13 00:00:00','2017-05-27 00:00:00','2017-05-27 00:00:00'),(487,133,70,'2017-05-13 00:00:00','2017-05-27 00:00:00','2017-05-27 00:00:00'),(488,164,61,'2017-05-13 00:00:00','2017-05-27 00:00:00','2017-05-27 00:00:00'),(489,80,95,'2017-05-14 00:00:00','2017-05-28 00:00:00','2017-05-28 00:00:00'),(490,20,61,'2017-05-16 00:00:00','2017-05-30 00:00:00','2017-05-30 00:00:00'),(491,38,98,'2017-05-17 00:00:00','2017-05-31 00:00:00','2017-05-31 00:00:00'),(492,110,53,'2017-05-17 00:00:00','2017-05-31 00:00:00','2017-05-31 00:00:00'),(493,100,51,'2017-05-20 00:00:00','2017-06-03 00:00:00','2017-06-03 00:00:00'),(494,176,32,'2017-05-20 00:00:00','2017-06-03 00:00:00','2017-06-03 00:00:00'),(495,32,56,'2017-05-20 00:00:00','2017-06-03 00:00:00','2017-06-03 00:00:00'),(496,78,23,'2017-05-21 00:00:00','2017-06-04 00:00:00','2017-06-04 00:00:00'),(497,4,72,'2017-05-21 00:00:00','2017-06-04 00:00:00','2017-06-04 00:00:00'),(498,64,63,'2017-05-22 00:00:00','2017-06-05 00:00:00','2017-06-05 00:00:00'),(499,77,31,'2017-05-22 00:00:00','2017-06-05 00:00:00','2017-06-05 00:00:00'),(500,11,24,'2017-05-22 00:00:00','2017-06-05 00:00:00','2017-06-05 00:00:00'),(501,65,76,'2017-05-22 00:00:00','2017-06-05 00:00:00','2017-06-05 00:00:00'),(502,39,81,'2017-05-23 00:00:00','2017-06-06 00:00:00','2017-06-06 00:00:00'),(503,76,46,'2017-05-23 00:00:00','2017-06-06 00:00:00','2017-06-06 00:00:00'),(504,174,85,'2017-05-24 00:00:00','2017-06-07 00:00:00','2017-06-07 00:00:00'),(505,181,7,'2017-05-24 00:00:00','2017-06-07 00:00:00','2017-06-07 00:00:00'),(506,73,61,'2017-05-24 00:00:00','2017-06-07 00:00:00','2017-06-07 00:00:00'),(507,14,70,'2017-05-25 00:00:00','2017-06-08 00:00:00','2017-06-08 00:00:00'),(508,104,79,'2017-05-26 00:00:00','2017-06-09 00:00:00','2017-06-09 00:00:00'),(509,40,65,'2017-05-26 00:00:00','2017-06-09 00:00:00','2017-06-09 00:00:00'),(510,49,81,'2017-05-27 00:00:00','2017-06-10 00:00:00','2017-06-10 00:00:00'),(511,54,66,'2017-05-28 00:00:00','2017-06-11 00:00:00','2017-06-11 00:00:00'),(512,82,14,'2017-05-28 00:00:00','2017-06-11 00:00:00','2017-06-11 00:00:00'),(513,130,72,'2017-05-29 00:00:00','2017-06-12 00:00:00','2017-06-12 00:00:00'),(514,81,84,'2017-05-30 00:00:00','2017-06-13 00:00:00','2017-06-13 00:00:00'),(515,188,81,'2017-06-02 00:00:00','2017-06-16 00:00:00','2017-06-16 00:00:00'),(516,42,66,'2017-06-03 00:00:00','2017-06-17 00:00:00','2017-06-17 00:00:00'),(517,2,19,'2017-06-04 00:00:00','2017-06-18 00:00:00','2017-06-18 00:00:00'),(518,90,23,'2017-06-05 00:00:00','2017-06-19 00:00:00','2017-06-19 00:00:00'),(519,139,85,'2017-06-05 00:00:00','2017-06-19 00:00:00','2017-06-19 00:00:00'),(520,197,10,'2017-06-06 00:00:00','2017-06-20 00:00:00','2017-06-20 00:00:00'),(521,95,96,'2017-06-06 00:00:00','2017-06-20 00:00:00','2017-06-20 00:00:00'),(522,77,26,'2017-06-06 00:00:00','2017-06-20 00:00:00','2017-06-20 00:00:00'),(523,32,8,'2017-06-06 00:00:00','2017-06-20 00:00:00','2017-06-20 00:00:00'),(524,90,6,'2017-06-09 00:00:00','2017-06-23 00:00:00','2017-06-23 00:00:00'),(525,156,56,'2017-06-10 00:00:00','2017-06-24 00:00:00','2017-06-24 00:00:00'),(526,89,95,'2017-06-11 00:00:00','2017-06-25 00:00:00','2017-06-25 00:00:00'),(527,143,98,'2017-06-12 00:00:00','2017-06-26 00:00:00','2017-06-26 00:00:00'),(528,149,77,'2017-06-17 00:00:00','2017-07-01 00:00:00','2017-07-01 00:00:00'),(529,34,80,'2017-06-17 00:00:00','2017-07-01 00:00:00','2017-07-01 00:00:00'),(530,125,49,'2017-06-17 00:00:00','2017-07-01 00:00:00','2017-07-01 00:00:00'),(531,161,31,'2017-06-19 00:00:00','2017-07-03 00:00:00','2017-07-03 00:00:00'),(532,96,8,'2017-06-20 00:00:00','2017-07-04 00:00:00','2017-07-04 00:00:00'),(533,125,10,'2017-06-20 00:00:00','2017-07-04 00:00:00','2017-07-04 00:00:00'),(534,7,35,'2017-06-20 00:00:00','2017-07-04 00:00:00','2017-07-04 00:00:00'),(535,33,9,'2017-06-22 00:00:00','2017-07-06 00:00:00','2017-07-06 00:00:00'),(536,31,65,'2017-06-22 00:00:00','2017-07-06 00:00:00','2017-07-06 00:00:00'),(537,181,84,'2017-06-25 00:00:00','2017-07-09 00:00:00','2017-07-09 00:00:00'),(538,28,70,'2017-06-28 00:00:00','2017-07-12 00:00:00','2017-07-12 00:00:00'),(539,73,88,'2017-06-28 00:00:00','2017-07-12 00:00:00','2017-07-12 00:00:00'),(540,175,78,'2017-06-28 00:00:00','2017-07-12 00:00:00','2017-07-12 00:00:00'),(541,41,37,'2017-06-29 00:00:00','2017-07-13 00:00:00','2017-07-13 00:00:00'),(542,112,56,'2017-06-30 00:00:00','2017-07-14 00:00:00','2017-07-14 00:00:00'),(543,150,95,'2017-06-30 00:00:00','2017-07-14 00:00:00','2017-07-14 00:00:00'),(544,77,42,'2017-07-01 00:00:00','2017-07-15 00:00:00','2017-07-15 00:00:00'),(545,170,45,'2017-07-01 00:00:00','2017-07-15 00:00:00','2017-07-15 00:00:00'),(546,100,13,'2017-07-03 00:00:00','2017-07-17 00:00:00','2017-07-17 00:00:00'),(547,188,58,'2017-07-03 00:00:00','2017-07-17 00:00:00','2017-07-17 00:00:00'),(548,57,77,'2017-07-03 00:00:00','2017-07-17 00:00:00','2017-07-17 00:00:00'),(549,109,82,'2017-07-04 00:00:00','2017-07-18 00:00:00','2017-07-18 00:00:00'),(550,75,62,'2017-07-05 00:00:00','2017-07-19 00:00:00','2017-07-19 00:00:00'),(551,178,15,'2017-07-05 00:00:00','2017-07-19 00:00:00','2017-07-19 00:00:00'),(552,52,87,'2017-07-06 00:00:00','2017-07-20 00:00:00','2017-07-20 00:00:00'),(553,68,85,'2017-07-06 00:00:00','2017-07-20 00:00:00','2017-07-20 00:00:00'),(554,41,96,'2017-07-07 00:00:00','2017-07-21 00:00:00','2017-07-21 00:00:00'),(555,112,23,'2017-07-07 00:00:00','2017-07-21 00:00:00','2017-07-21 00:00:00'),(556,174,8,'2017-07-07 00:00:00','2017-07-21 00:00:00','2017-07-21 00:00:00'),(557,50,18,'2017-07-08 00:00:00','2017-07-22 00:00:00','2017-07-22 00:00:00'),(558,127,48,'2017-07-08 00:00:00','2017-07-22 00:00:00','2017-07-22 00:00:00'),(559,120,26,'2017-07-08 00:00:00','2017-07-22 00:00:00','2017-07-22 00:00:00'),(560,182,36,'2017-07-09 00:00:00','2017-07-23 00:00:00','2017-07-23 00:00:00'),(561,86,19,'2017-07-11 00:00:00','2017-07-25 00:00:00','2017-07-25 00:00:00'),(562,45,2,'2017-07-12 00:00:00','2017-07-26 00:00:00','2017-07-26 00:00:00'),(563,77,96,'2017-07-13 00:00:00','2017-07-27 00:00:00','2017-07-27 00:00:00'),(564,106,68,'2017-07-13 00:00:00','2017-07-27 00:00:00','2017-07-27 00:00:00'),(565,198,23,'2017-07-14 00:00:00','2017-07-28 00:00:00','2017-07-28 00:00:00'),(566,123,84,'2017-07-15 00:00:00','2017-07-29 00:00:00','2017-07-29 00:00:00'),(567,105,5,'2017-07-15 00:00:00','2017-07-29 00:00:00','2017-07-29 00:00:00'),(568,102,29,'2017-07-15 00:00:00','2017-07-29 00:00:00','2017-07-29 00:00:00'),(569,16,40,'2017-07-15 00:00:00','2017-07-29 00:00:00','2017-07-29 00:00:00'),(570,26,46,'2017-07-16 00:00:00','2017-07-30 00:00:00','2017-07-30 00:00:00'),(571,107,94,'2017-07-17 00:00:00','2017-07-31 00:00:00','2017-07-31 00:00:00'),(572,67,53,'2017-07-17 00:00:00','2017-07-31 00:00:00','2017-07-31 00:00:00'),(573,200,31,'2017-07-18 00:00:00','2017-08-01 00:00:00','2017-08-01 00:00:00'),(574,72,15,'2017-07-18 00:00:00','2017-08-01 00:00:00','2017-08-01 00:00:00'),(575,77,92,'2017-07-20 00:00:00','2017-08-03 00:00:00','2017-08-03 00:00:00'),(576,38,48,'2017-07-21 00:00:00','2017-08-04 00:00:00','2017-08-04 00:00:00'),(577,126,10,'2017-07-22 00:00:00','2017-08-05 00:00:00','2017-08-05 00:00:00'),(578,81,43,'2017-07-23 00:00:00','2017-08-06 00:00:00','2017-08-06 00:00:00'),(579,69,27,'2017-07-23 00:00:00','2017-08-06 00:00:00','2017-08-06 00:00:00'),(580,58,49,'2017-07-24 00:00:00','2017-08-07 00:00:00','2017-08-07 00:00:00'),(581,82,53,'2017-07-27 00:00:00','2017-08-10 00:00:00','2017-08-10 00:00:00'),(582,123,19,'2017-07-27 00:00:00','2017-08-10 00:00:00','2017-08-10 00:00:00'),(583,33,79,'2017-07-27 00:00:00','2017-08-10 00:00:00','2017-08-10 00:00:00'),(584,51,84,'2017-07-28 00:00:00','2017-08-11 00:00:00','2017-08-11 00:00:00'),(585,163,11,'2017-07-28 00:00:00','2017-08-11 00:00:00','2017-08-11 00:00:00'),(586,171,18,'2017-07-29 00:00:00','2017-08-12 00:00:00','2017-08-12 00:00:00'),(587,42,30,'2017-07-31 00:00:00','2017-08-14 00:00:00','2017-08-14 00:00:00'),(588,70,2,'2017-07-31 00:00:00','2017-08-14 00:00:00','2017-08-14 00:00:00'),(589,179,50,'2017-08-03 00:00:00','2017-08-17 00:00:00','2017-08-17 00:00:00'),(590,140,28,'2017-08-04 00:00:00','2017-08-18 00:00:00','2017-08-18 00:00:00'),(591,27,71,'2017-08-04 00:00:00','2017-08-18 00:00:00','2017-08-18 00:00:00'),(592,135,54,'2017-08-05 00:00:00','2017-08-19 00:00:00','2017-08-19 00:00:00'),(593,77,21,'2017-08-05 00:00:00','2017-08-19 00:00:00','2017-08-19 00:00:00'),(594,123,57,'2017-08-07 00:00:00','2017-08-21 00:00:00','2017-08-21 00:00:00'),(595,110,25,'2017-08-07 00:00:00','2017-08-21 00:00:00','2017-08-21 00:00:00'),(596,160,98,'2017-08-11 00:00:00','2017-08-25 00:00:00','2017-08-25 00:00:00'),(597,4,3,'2017-08-12 00:00:00','2017-08-26 00:00:00','2017-08-26 00:00:00'),(598,191,54,'2017-08-13 00:00:00','2017-08-27 00:00:00','2017-08-27 00:00:00'),(599,153,44,'2017-08-14 00:00:00','2017-08-28 00:00:00','2017-08-28 00:00:00'),(600,23,59,'2017-08-18 00:00:00','2017-09-01 00:00:00','2017-09-01 00:00:00'),(601,27,24,'2017-08-18 00:00:00','2017-09-01 00:00:00','2017-09-01 00:00:00'),(602,144,17,'2017-08-18 00:00:00','2017-09-01 00:00:00','2017-09-01 00:00:00'),(603,112,80,'2017-08-20 00:00:00','2017-09-03 00:00:00','2017-09-03 00:00:00'),(604,41,83,'2017-08-20 00:00:00','2017-09-03 00:00:00','2017-09-03 00:00:00'),(605,74,74,'2017-08-21 00:00:00','2017-09-04 00:00:00','2017-09-04 00:00:00'),(606,173,8,'2017-08-21 00:00:00','2017-09-04 00:00:00','2017-09-04 00:00:00'),(607,12,68,'2017-08-21 00:00:00','2017-09-04 00:00:00','2017-09-04 00:00:00'),(608,46,91,'2017-08-22 00:00:00','2017-09-05 00:00:00','2017-09-05 00:00:00'),(609,65,52,'2017-08-22 00:00:00','2017-09-05 00:00:00','2017-09-05 00:00:00'),(610,148,11,'2017-08-22 00:00:00','2017-09-05 00:00:00','2017-09-05 00:00:00'),(611,136,34,'2017-08-23 00:00:00','2017-09-06 00:00:00','2017-09-06 00:00:00'),(612,152,14,'2017-08-23 00:00:00','2017-09-06 00:00:00','2017-09-06 00:00:00'),(613,122,24,'2017-08-23 00:00:00','2017-09-06 00:00:00','2017-09-06 00:00:00'),(614,15,95,'2017-08-24 00:00:00','2017-09-07 00:00:00','2017-09-07 00:00:00'),(615,168,55,'2017-08-25 00:00:00','2017-09-08 00:00:00','2017-09-08 00:00:00'),(616,170,46,'2017-08-26 00:00:00','2017-09-09 00:00:00','2017-09-09 00:00:00'),(617,8,100,'2017-08-26 00:00:00','2017-09-09 00:00:00','2017-09-09 00:00:00'),(618,139,74,'2017-08-27 00:00:00','2017-09-10 00:00:00','2017-09-10 00:00:00'),(619,94,30,'2017-08-27 00:00:00','2017-09-10 00:00:00','2017-09-10 00:00:00'),(620,37,87,'2017-08-28 00:00:00','2017-09-11 00:00:00','2017-09-11 00:00:00'),(621,143,67,'2017-08-31 00:00:00','2017-09-14 00:00:00','2017-09-14 00:00:00'),(622,130,75,'2017-08-31 00:00:00','2017-09-14 00:00:00','2017-09-14 00:00:00'),(623,44,40,'2017-08-31 00:00:00','2017-09-14 00:00:00','2017-09-14 00:00:00'),(624,89,32,'2017-09-01 00:00:00','2017-09-15 00:00:00','2017-09-15 00:00:00'),(625,18,54,'2017-09-02 00:00:00','2017-09-16 00:00:00','2017-09-16 00:00:00'),(626,119,57,'2017-09-06 00:00:00','2017-09-20 00:00:00','2017-09-20 00:00:00'),(627,186,41,'2017-09-07 00:00:00','2017-09-21 00:00:00','2017-09-21 00:00:00'),(628,123,35,'2017-09-08 00:00:00','2017-09-22 00:00:00','2017-09-22 00:00:00'),(629,133,99,'2017-09-08 00:00:00','2017-09-22 00:00:00','2017-09-22 00:00:00'),(630,63,91,'2017-09-09 00:00:00','2017-09-23 00:00:00','2017-09-23 00:00:00'),(631,68,45,'2017-09-09 00:00:00','2017-09-23 00:00:00','2017-09-23 00:00:00'),(632,184,35,'2017-09-11 00:00:00','2017-09-25 00:00:00','2017-09-25 00:00:00'),(633,31,68,'2017-09-11 00:00:00','2017-09-25 00:00:00','2017-09-25 00:00:00'),(634,97,68,'2017-09-12 00:00:00','2017-09-26 00:00:00','2017-09-26 00:00:00'),(635,187,11,'2017-09-12 00:00:00','2017-09-26 00:00:00','2017-09-26 00:00:00'),(636,140,74,'2017-09-13 00:00:00','2017-09-27 00:00:00','2017-09-27 00:00:00'),(637,126,44,'2017-09-13 00:00:00','2017-09-27 00:00:00','2017-09-27 00:00:00'),(638,56,28,'2017-09-13 00:00:00','2017-09-27 00:00:00','2017-09-27 00:00:00'),(639,5,90,'2017-09-13 00:00:00','2017-09-27 00:00:00','2017-09-27 00:00:00'),(640,192,28,'2017-09-13 00:00:00','2017-09-27 00:00:00','2017-09-27 00:00:00'),(641,190,78,'2017-09-15 00:00:00','2017-09-29 00:00:00','2017-09-29 00:00:00'),(642,71,91,'2017-09-15 00:00:00','2017-09-29 00:00:00','2017-09-29 00:00:00'),(643,121,82,'2017-09-15 00:00:00','2017-09-29 00:00:00','2017-09-29 00:00:00'),(644,75,27,'2017-09-15 00:00:00','2017-09-29 00:00:00','2017-09-29 00:00:00'),(645,121,97,'2017-09-17 00:00:00','2017-10-01 00:00:00','2017-10-01 00:00:00'),(646,161,19,'2017-09-18 00:00:00','2017-10-02 00:00:00','2017-10-02 00:00:00'),(647,87,46,'2017-09-19 00:00:00','2017-10-03 00:00:00','2017-10-03 00:00:00'),(648,128,63,'2017-09-19 00:00:00','2017-10-03 00:00:00','2017-10-03 00:00:00'),(649,171,61,'2017-09-19 00:00:00','2017-10-03 00:00:00','2017-10-03 00:00:00'),(650,109,23,'2017-09-20 00:00:00','2017-10-04 00:00:00','2017-10-04 00:00:00'),(651,154,66,'2017-09-20 00:00:00','2017-10-04 00:00:00','2017-10-04 00:00:00'),(652,143,38,'2017-09-20 00:00:00','2017-10-04 00:00:00','2017-10-04 00:00:00'),(653,67,68,'2017-09-21 00:00:00','2017-10-05 00:00:00','2017-10-05 00:00:00'),(654,109,34,'2017-09-22 00:00:00','2017-10-06 00:00:00','2017-10-06 00:00:00'),(655,165,33,'2017-09-23 00:00:00','2017-10-07 00:00:00','2017-10-07 00:00:00'),(656,165,5,'2017-09-23 00:00:00','2017-10-07 00:00:00','2017-10-07 00:00:00'),(657,162,24,'2017-09-27 00:00:00','2017-10-11 00:00:00','2017-10-11 00:00:00'),(658,89,78,'2017-09-27 00:00:00','2017-10-11 00:00:00','2017-10-11 00:00:00'),(659,146,40,'2017-09-28 00:00:00','2017-10-12 00:00:00','2017-10-12 00:00:00'),(660,45,38,'2017-09-29 00:00:00','2017-10-13 00:00:00','2017-10-13 00:00:00'),(661,81,79,'2017-10-02 00:00:00','2017-10-16 00:00:00','2017-10-16 00:00:00'),(662,175,80,'2017-10-03 00:00:00','2017-10-17 00:00:00','2017-10-17 00:00:00'),(663,130,86,'2017-10-04 00:00:00','2017-10-18 00:00:00','2017-10-18 00:00:00'),(664,43,30,'2017-10-06 00:00:00','2017-10-20 00:00:00','2017-10-20 00:00:00'),(665,24,99,'2017-10-07 00:00:00','2017-10-21 00:00:00','2017-10-21 00:00:00'),(666,101,84,'2017-10-07 00:00:00','2017-10-21 00:00:00','2017-10-21 00:00:00'),(667,159,26,'2017-10-07 00:00:00','2017-10-21 00:00:00','2017-10-21 00:00:00'),(668,37,3,'2017-10-08 00:00:00','2017-10-22 00:00:00','2017-10-22 00:00:00'),(669,79,1,'2017-10-09 00:00:00','2017-10-23 00:00:00','2017-10-23 00:00:00'),(670,65,35,'2017-10-10 00:00:00','2017-10-24 00:00:00','2017-10-24 00:00:00'),(671,121,46,'2017-10-10 00:00:00','2017-10-24 00:00:00','2017-10-24 00:00:00'),(672,156,28,'2017-10-11 00:00:00','2017-10-25 00:00:00','2017-10-25 00:00:00'),(673,67,56,'2017-10-12 00:00:00','2017-10-26 00:00:00','2017-10-26 00:00:00'),(674,78,21,'2017-10-14 00:00:00','2017-10-28 00:00:00','2017-10-28 00:00:00'),(675,79,62,'2017-10-19 00:00:00','2017-11-02 00:00:00','2017-11-02 00:00:00'),(676,100,88,'2017-10-20 00:00:00','2017-11-03 00:00:00','2017-11-03 00:00:00'),(677,50,20,'2017-10-21 00:00:00','2017-11-04 00:00:00','2017-11-04 00:00:00'),(678,111,25,'2017-10-21 00:00:00','2017-11-04 00:00:00','2017-11-04 00:00:00'),(679,14,32,'2017-10-22 00:00:00','2017-11-05 00:00:00','2017-11-05 00:00:00'),(680,56,19,'2017-10-23 00:00:00','2017-11-06 00:00:00','2017-11-06 00:00:00'),(681,109,66,'2017-10-24 00:00:00','2017-11-07 00:00:00','2017-11-07 00:00:00'),(682,154,67,'2017-10-25 00:00:00','2017-11-08 00:00:00','2017-11-08 00:00:00'),(683,10,31,'2017-10-25 00:00:00','2017-11-08 00:00:00','2017-11-08 00:00:00'),(684,153,26,'2017-10-26 00:00:00','2017-11-09 00:00:00','2017-11-09 00:00:00'),(685,69,45,'2017-10-26 00:00:00','2017-11-09 00:00:00','2017-11-09 00:00:00'),(686,200,63,'2017-10-26 00:00:00','2017-11-09 00:00:00','2017-11-09 00:00:00'),(687,56,43,'2017-10-26 00:00:00','2017-11-09 00:00:00','2017-11-09 00:00:00'),(688,44,44,'2017-10-26 00:00:00','2017-11-09 00:00:00','2017-11-09 00:00:00'),(689,55,53,'2017-10-27 00:00:00','2017-11-10 00:00:00','2017-11-10 00:00:00'),(690,59,57,'2017-10-28 00:00:00','2017-11-11 00:00:00','2017-11-11 00:00:00'),(691,179,98,'2017-10-28 00:00:00','2017-11-11 00:00:00','2017-11-11 00:00:00'),(692,80,25,'2017-10-30 00:00:00','2017-11-13 00:00:00','2017-11-13 00:00:00'),(693,175,58,'2017-10-30 00:00:00','2017-11-13 00:00:00','2017-11-13 00:00:00'),(694,46,53,'2017-10-31 00:00:00','2017-11-14 00:00:00','2017-11-14 00:00:00'),(695,144,44,'2017-10-31 00:00:00','2017-11-14 00:00:00','2017-11-14 00:00:00'),(696,49,43,'2017-10-31 00:00:00','2017-11-14 00:00:00','2017-11-14 00:00:00'),(697,161,70,'2017-11-03 00:00:00','2017-11-17 00:00:00','2017-11-17 00:00:00'),(698,184,69,'2017-11-04 00:00:00','2017-11-18 00:00:00','2017-11-18 00:00:00'),(699,132,63,'2017-11-05 00:00:00','2017-11-19 00:00:00','2017-11-19 00:00:00'),(700,92,37,'2017-11-05 00:00:00','2017-11-19 00:00:00','2017-11-19 00:00:00'),(701,166,88,'2017-11-06 00:00:00','2017-11-20 00:00:00','2017-11-20 00:00:00'),(702,190,5,'2017-11-06 00:00:00','2017-11-20 00:00:00','2017-11-20 00:00:00'),(703,84,80,'2017-11-06 00:00:00','2017-11-20 00:00:00','2017-11-20 00:00:00'),(704,34,67,'2017-11-06 00:00:00','2017-11-20 00:00:00','2017-11-20 00:00:00'),(705,128,11,'2017-11-07 00:00:00','2017-11-21 00:00:00','2017-11-21 00:00:00'),(706,59,23,'2017-11-07 00:00:00','2017-11-21 00:00:00','2017-11-21 00:00:00'),(707,184,14,'2017-11-09 00:00:00','2017-11-23 00:00:00','2017-11-23 00:00:00'),(708,121,97,'2017-11-13 00:00:00','2017-11-27 00:00:00','2017-11-27 00:00:00'),(709,79,24,'2017-11-14 00:00:00','2017-11-28 00:00:00','2017-11-28 00:00:00'),(710,32,62,'2017-11-14 00:00:00','2017-11-28 00:00:00','2017-11-28 00:00:00'),(711,91,96,'2017-11-16 00:00:00','2017-11-30 00:00:00','2017-11-30 00:00:00'),(712,100,98,'2017-11-20 00:00:00','2017-12-04 00:00:00','2017-12-04 00:00:00'),(713,136,58,'2017-11-20 00:00:00','2017-12-04 00:00:00','2017-12-04 00:00:00'),(714,70,88,'2017-11-20 00:00:00','2017-12-04 00:00:00','2017-12-04 00:00:00'),(715,126,20,'2017-11-22 00:00:00','2017-12-06 00:00:00','2017-12-06 00:00:00'),(716,44,33,'2017-11-22 00:00:00','2017-12-06 00:00:00','2017-12-06 00:00:00'),(717,172,17,'2017-11-23 00:00:00','2017-12-07 00:00:00','2017-12-07 00:00:00'),(718,40,7,'2017-11-24 00:00:00','2017-12-08 00:00:00','2017-12-08 00:00:00'),(719,162,75,'2017-11-24 00:00:00','2017-12-08 00:00:00','2017-12-08 00:00:00'),(720,46,100,'2017-11-24 00:00:00','2017-12-08 00:00:00','2017-12-08 00:00:00'),(721,61,60,'2017-11-25 00:00:00','2017-12-09 00:00:00','2017-12-09 00:00:00'),(722,10,10,'2017-11-25 00:00:00','2017-12-09 00:00:00','2017-12-09 00:00:00'),(723,147,27,'2017-11-26 00:00:00','2017-12-10 00:00:00','2017-12-10 00:00:00'),(724,73,70,'2017-12-01 00:00:00','2017-12-15 00:00:00','2017-12-15 00:00:00'),(725,169,29,'2017-12-01 00:00:00','2017-12-15 00:00:00','2017-12-15 00:00:00'),(726,44,34,'2017-12-02 00:00:00','2017-12-16 00:00:00','2017-12-16 00:00:00'),(727,182,74,'2017-12-02 00:00:00','2017-12-16 00:00:00','2017-12-16 00:00:00'),(728,105,77,'2017-12-04 00:00:00','2017-12-18 00:00:00','2017-12-18 00:00:00'),(729,113,72,'2017-12-04 00:00:00','2017-12-18 00:00:00','2017-12-18 00:00:00'),(730,74,86,'2017-12-05 00:00:00','2017-12-19 00:00:00','2017-12-19 00:00:00'),(731,198,96,'2017-12-05 00:00:00','2017-12-19 00:00:00','2017-12-19 00:00:00'),(732,186,28,'2017-12-06 00:00:00','2017-12-20 00:00:00','2017-12-20 00:00:00'),(733,133,48,'2017-12-06 00:00:00','2017-12-20 00:00:00','2017-12-20 00:00:00'),(734,104,34,'2017-12-06 00:00:00','2017-12-20 00:00:00','2017-12-20 00:00:00'),(735,35,60,'2017-12-06 00:00:00','2017-12-20 00:00:00','2017-12-20 00:00:00'),(736,91,80,'2017-12-07 00:00:00','2017-12-21 00:00:00','2017-12-21 00:00:00'),(737,188,21,'2017-12-07 00:00:00','2017-12-21 00:00:00','2017-12-21 00:00:00'),(738,33,49,'2017-12-07 00:00:00','2017-12-21 00:00:00','2017-12-21 00:00:00'),(739,113,18,'2017-12-07 00:00:00','2017-12-21 00:00:00','2017-12-21 00:00:00'),(740,111,63,'2017-12-08 00:00:00','2017-12-22 00:00:00','2017-12-22 00:00:00'),(741,112,57,'2017-12-09 00:00:00','2017-12-23 00:00:00','2017-12-23 00:00:00'),(742,135,84,'2017-12-11 00:00:00','2017-12-25 00:00:00','2017-12-25 00:00:00'),(743,5,20,'2017-12-11 00:00:00','2017-12-25 00:00:00','2017-12-25 00:00:00'),(744,156,8,'2017-12-12 00:00:00','2017-12-26 00:00:00','2017-12-26 00:00:00'),(745,112,39,'2017-12-12 00:00:00','2017-12-26 00:00:00','2017-12-26 00:00:00'),(746,160,16,'2017-12-13 00:00:00','2017-12-27 00:00:00','2017-12-27 00:00:00'),(747,156,11,'2017-12-13 00:00:00','2017-12-27 00:00:00','2017-12-27 00:00:00'),(748,132,22,'2017-12-13 00:00:00','2017-12-27 00:00:00','2017-12-27 00:00:00'),(749,172,25,'2017-12-13 00:00:00','2017-12-27 00:00:00','2017-12-27 00:00:00'),(750,161,1,'2017-12-16 00:00:00','2017-12-30 00:00:00','2017-12-30 00:00:00'),(751,81,21,'2017-12-17 00:00:00','2017-12-31 00:00:00','2017-12-31 00:00:00'),(752,45,43,'2017-12-18 00:00:00','2018-01-01 00:00:00','2018-01-01 00:00:00'),(753,192,99,'2017-12-18 00:00:00','2018-01-01 00:00:00','2018-01-01 00:00:00'),(754,89,17,'2017-12-18 00:00:00','2018-01-01 00:00:00','2018-01-01 00:00:00'),(755,41,9,'2017-12-19 00:00:00','2018-01-02 00:00:00','2018-01-02 00:00:00'),(756,42,84,'2017-12-19 00:00:00','2018-01-02 00:00:00','2018-01-02 00:00:00'),(757,177,91,'2017-12-22 00:00:00','2018-01-05 00:00:00','2018-01-05 00:00:00'),(758,48,73,'2017-12-22 00:00:00','2018-01-05 00:00:00','2018-01-05 00:00:00'),(759,13,18,'2017-12-22 00:00:00','2018-01-05 00:00:00','2018-01-05 00:00:00'),(760,71,25,'2017-12-22 00:00:00','2018-01-05 00:00:00','2018-01-05 00:00:00'),(761,86,61,'2017-12-22 00:00:00','2018-01-05 00:00:00','2018-01-05 00:00:00'),(762,180,62,'2017-12-23 00:00:00','2018-01-06 00:00:00','2018-01-06 00:00:00'),(763,197,23,'2017-12-23 00:00:00','2018-01-06 00:00:00','2018-01-06 00:00:00'),(764,167,75,'2017-12-23 00:00:00','2018-01-06 00:00:00','2018-01-06 00:00:00'),(765,100,69,'2017-12-25 00:00:00','2018-01-08 00:00:00','2018-01-08 00:00:00'),(766,94,59,'2017-12-26 00:00:00','2018-01-09 00:00:00','2018-01-09 00:00:00'),(767,109,51,'2017-12-27 00:00:00','2018-01-10 00:00:00','2018-01-10 00:00:00'),(768,176,25,'2017-12-27 00:00:00','2018-01-10 00:00:00','2018-01-10 00:00:00'),(769,95,72,'2017-12-28 00:00:00','2018-01-11 00:00:00','2018-01-11 00:00:00'),(770,113,28,'2017-12-28 00:00:00','2018-01-11 00:00:00','2018-01-11 00:00:00'),(771,15,99,'2017-12-29 00:00:00','2018-01-12 00:00:00','2018-01-12 00:00:00'),(772,55,4,'2017-12-29 00:00:00','2018-01-12 00:00:00','2018-01-12 00:00:00'),(773,175,18,'2017-12-30 00:00:00','2018-01-13 00:00:00','2018-01-13 00:00:00'),(774,87,63,'2018-01-01 00:00:00','2018-01-15 00:00:00','2018-01-15 00:00:00'),(775,140,9,'2018-01-01 00:00:00','2018-01-15 00:00:00','2018-01-15 00:00:00'),(776,176,8,'2018-01-01 00:00:00','2018-01-15 00:00:00','2018-01-15 00:00:00'),(777,80,18,'2018-01-03 00:00:00','2018-01-17 00:00:00','2018-01-17 00:00:00'),(778,77,14,'2018-01-04 00:00:00','2018-01-18 00:00:00','2018-01-18 00:00:00'),(779,119,30,'2018-01-04 00:00:00','2018-01-18 00:00:00','2018-01-18 00:00:00'),(780,10,87,'2018-01-04 00:00:00','2018-01-18 00:00:00','2018-01-18 00:00:00'),(781,19,27,'2018-01-04 00:00:00','2018-01-18 00:00:00','2018-01-18 00:00:00'),(782,2,11,'2018-01-05 00:00:00','2018-01-19 00:00:00','2018-01-19 00:00:00'),(783,60,96,'2018-01-06 00:00:00','2018-01-20 00:00:00','2018-01-20 00:00:00'),(784,173,74,'2018-01-06 00:00:00','2018-01-20 00:00:00','2018-01-20 00:00:00'),(785,96,62,'2018-01-06 00:00:00','2018-01-20 00:00:00','2018-01-20 00:00:00'),(786,112,13,'2018-01-07 00:00:00','2018-01-21 00:00:00','2018-01-21 00:00:00'),(787,141,32,'2018-01-07 00:00:00','2018-01-21 00:00:00','2018-01-21 00:00:00'),(788,198,90,'2018-01-08 00:00:00','2018-01-22 00:00:00','2018-01-22 00:00:00'),(789,154,100,'2018-01-09 00:00:00','2018-01-23 00:00:00','2018-01-23 00:00:00'),(790,39,89,'2018-01-09 00:00:00','2018-01-23 00:00:00','2018-01-23 00:00:00'),(791,193,77,'2018-01-10 00:00:00','2018-01-24 00:00:00','2018-01-24 00:00:00'),(792,48,24,'2018-01-11 00:00:00','2018-01-25 00:00:00','2018-01-25 00:00:00'),(793,108,26,'2018-01-13 00:00:00','2018-01-27 00:00:00','2018-01-27 00:00:00'),(794,159,67,'2018-01-13 00:00:00','2018-01-27 00:00:00','2018-01-27 00:00:00'),(795,79,8,'2018-01-14 00:00:00','2018-01-28 00:00:00','2018-01-28 00:00:00'),(796,74,70,'2018-01-14 00:00:00','2018-01-28 00:00:00','2018-01-28 00:00:00'),(797,97,10,'2018-01-14 00:00:00','2018-01-28 00:00:00','2018-01-28 00:00:00'),(798,137,26,'2018-01-15 00:00:00','2018-01-29 00:00:00','2018-01-29 00:00:00'),(799,72,43,'2018-01-15 00:00:00','2018-01-29 00:00:00','2018-01-29 00:00:00'),(800,58,66,'2018-01-16 00:00:00','2018-01-30 00:00:00','2018-01-30 00:00:00'),(801,155,70,'2018-01-16 00:00:00','2018-01-30 00:00:00','2018-01-30 00:00:00'),(802,1,84,'2018-01-17 00:00:00','2018-01-31 00:00:00','2018-01-31 00:00:00'),(803,161,89,'2018-01-18 00:00:00','2018-02-01 00:00:00','2018-02-01 00:00:00'),(804,106,92,'2018-01-19 00:00:00','2018-02-02 00:00:00','2018-02-02 00:00:00'),(805,15,36,'2018-01-20 00:00:00','2018-02-03 00:00:00','2018-02-03 00:00:00'),(806,102,37,'2018-01-22 00:00:00','2018-02-05 00:00:00','2018-02-05 00:00:00'),(807,43,40,'2018-01-22 00:00:00','2018-02-05 00:00:00','2018-02-05 00:00:00'),(808,97,62,'2018-01-23 00:00:00','2018-02-06 00:00:00','2018-02-06 00:00:00'),(809,26,22,'2018-01-23 00:00:00','2018-02-06 00:00:00','2018-02-06 00:00:00'),(810,58,74,'2018-01-23 00:00:00','2018-02-06 00:00:00','2018-02-06 00:00:00'),(811,27,18,'2018-01-25 00:00:00','2018-02-08 00:00:00','2018-02-08 00:00:00'),(812,82,65,'2018-01-25 00:00:00','2018-02-08 00:00:00','2018-02-08 00:00:00'),(813,181,57,'2018-01-26 00:00:00','2018-02-09 00:00:00','2018-02-09 00:00:00'),(814,98,82,'2018-01-26 00:00:00','2018-02-09 00:00:00','2018-02-09 00:00:00'),(815,41,42,'2018-01-28 00:00:00','2018-02-11 00:00:00','2018-02-11 00:00:00'),(816,149,28,'2018-01-29 00:00:00','2018-02-12 00:00:00','2018-02-12 00:00:00'),(817,60,81,'2018-01-31 00:00:00','2018-02-14 00:00:00','2018-02-14 00:00:00'),(818,112,35,'2018-02-01 00:00:00','2018-02-15 00:00:00','2018-02-15 00:00:00'),(819,17,74,'2018-02-03 00:00:00','2018-02-17 00:00:00','2018-02-17 00:00:00'),(820,87,63,'2018-02-03 00:00:00','2018-02-17 00:00:00','2018-02-17 00:00:00'),(821,192,61,'2018-02-03 00:00:00','2018-02-17 00:00:00','2018-02-17 00:00:00'),(822,41,86,'2018-02-03 00:00:00','2018-02-17 00:00:00','2018-02-17 00:00:00'),(823,106,100,'2018-02-04 00:00:00','2018-02-18 00:00:00','2018-02-18 00:00:00'),(824,111,21,'2018-02-06 00:00:00','2018-02-20 00:00:00','2018-02-20 00:00:00'),(825,197,4,'2018-02-07 00:00:00','2018-02-21 00:00:00','2018-02-21 00:00:00'),(826,147,75,'2018-02-07 00:00:00','2018-02-21 00:00:00','2018-02-21 00:00:00'),(827,192,48,'2018-02-08 00:00:00','2018-02-22 00:00:00','2018-02-22 00:00:00'),(828,19,58,'2018-02-09 00:00:00','2018-02-23 00:00:00','2018-02-23 00:00:00'),(829,8,67,'2018-02-09 00:00:00','2018-02-23 00:00:00','2018-02-23 00:00:00'),(830,13,27,'2018-02-13 00:00:00','2018-02-27 00:00:00','2018-02-27 00:00:00'),(831,110,71,'2018-02-15 00:00:00','2018-03-01 00:00:00','2018-03-01 00:00:00'),(832,185,40,'2018-02-15 00:00:00','2018-03-01 00:00:00','2018-03-01 00:00:00'),(833,9,30,'2018-02-16 00:00:00','2018-03-02 00:00:00','2018-03-02 00:00:00'),(834,87,91,'2018-02-17 00:00:00','2018-03-03 00:00:00','2018-03-03 00:00:00'),(835,66,40,'2018-02-18 00:00:00','2018-03-04 00:00:00','2018-03-04 00:00:00'),(836,58,38,'2018-02-18 00:00:00','2018-03-04 00:00:00','2018-03-04 00:00:00'),(837,164,45,'2018-02-21 00:00:00','2018-03-07 00:00:00','2018-03-07 00:00:00'),(838,173,93,'2018-02-22 00:00:00','2018-03-08 00:00:00','2018-03-08 00:00:00'),(839,10,60,'2018-02-22 00:00:00','2018-03-08 00:00:00','2018-03-08 00:00:00'),(840,125,98,'2018-02-23 00:00:00','2018-03-09 00:00:00','2018-03-09 00:00:00'),(841,64,51,'2018-02-24 00:00:00','2018-03-10 00:00:00','2018-03-10 00:00:00'),(842,115,47,'2018-02-25 00:00:00','2018-03-11 00:00:00','2018-03-11 00:00:00'),(843,180,44,'2018-02-27 00:00:00','2018-03-13 00:00:00','2018-03-13 00:00:00'),(844,38,89,'2018-02-27 00:00:00','2018-03-13 00:00:00','2018-03-13 00:00:00'),(845,61,71,'2018-02-28 00:00:00','2018-03-14 00:00:00','2018-03-14 00:00:00'),(846,49,13,'2018-03-01 00:00:00','2018-03-15 00:00:00','2018-03-15 00:00:00'),(847,78,6,'2018-03-01 00:00:00','2018-03-15 00:00:00','2018-03-15 00:00:00'),(848,191,6,'2018-03-03 00:00:00','2018-03-17 00:00:00','2018-03-17 00:00:00'),(849,51,12,'2018-03-03 00:00:00','2018-03-17 00:00:00','2018-03-17 00:00:00'),(850,133,39,'2018-03-04 00:00:00','2018-03-18 00:00:00','2018-03-18 00:00:00'),(851,32,24,'2018-03-05 00:00:00','2018-03-19 00:00:00','2018-03-19 00:00:00'),(852,44,49,'2018-03-05 00:00:00','2018-03-19 00:00:00','2018-03-19 00:00:00'),(853,47,38,'2018-03-09 00:00:00','2018-03-23 00:00:00','2018-03-23 00:00:00'),(854,26,20,'2018-03-11 00:00:00','2018-03-25 00:00:00','2018-03-25 00:00:00'),(855,187,71,'2018-03-12 00:00:00','2018-03-26 00:00:00','2018-03-26 00:00:00'),(856,98,28,'2018-03-13 00:00:00','2018-03-27 00:00:00','2018-03-27 00:00:00'),(857,100,28,'2018-03-14 00:00:00','2018-03-28 00:00:00','2018-03-28 00:00:00'),(858,52,72,'2018-03-14 00:00:00','2018-03-28 00:00:00','2018-03-28 00:00:00'),(859,194,70,'2018-03-15 00:00:00','2018-03-29 00:00:00','2018-03-29 00:00:00'),(860,129,93,'2018-03-15 00:00:00','2018-03-29 00:00:00','2018-03-29 00:00:00'),(861,59,27,'2018-03-17 00:00:00','2018-03-31 00:00:00','2018-03-31 00:00:00'),(862,16,14,'2018-03-18 00:00:00','2018-04-01 00:00:00','2018-04-01 00:00:00'),(863,142,49,'2018-03-19 00:00:00','2018-04-02 00:00:00','2018-04-02 00:00:00'),(864,137,82,'2018-03-19 00:00:00','2018-04-02 00:00:00','2018-04-02 00:00:00'),(865,188,90,'2018-03-19 00:00:00','2018-04-02 00:00:00','2018-04-02 00:00:00'),(866,197,38,'2018-03-20 00:00:00','2018-04-03 00:00:00','2018-04-03 00:00:00'),(867,137,60,'2018-03-20 00:00:00','2018-04-03 00:00:00','2018-04-03 00:00:00'),(868,27,90,'2018-03-21 00:00:00','2018-04-04 00:00:00','2018-04-04 00:00:00'),(869,49,90,'2018-03-24 00:00:00','2018-04-07 00:00:00','2018-04-07 00:00:00'),(870,7,99,'2018-03-24 00:00:00','2018-04-07 00:00:00','2018-04-07 00:00:00'),(871,157,32,'2018-03-24 00:00:00','2018-04-07 00:00:00','2018-04-07 00:00:00'),(872,110,24,'2018-03-25 00:00:00','2018-04-08 00:00:00','2018-04-08 00:00:00'),(873,124,23,'2018-03-25 00:00:00','2018-04-08 00:00:00','2018-04-08 00:00:00'),(874,184,85,'2018-03-26 00:00:00','2018-04-09 00:00:00','2018-04-09 00:00:00'),(875,41,93,'2018-03-26 00:00:00','2018-04-09 00:00:00','2018-04-09 00:00:00'),(876,123,12,'2018-03-30 00:00:00','2018-04-13 00:00:00','2018-04-13 00:00:00'),(877,19,2,'2018-03-31 00:00:00','2018-04-14 00:00:00','2018-04-14 00:00:00'),(878,139,37,'2018-04-02 00:00:00','2018-04-16 00:00:00','2018-04-16 00:00:00'),(879,138,68,'2018-04-02 00:00:00','2018-04-16 00:00:00','2018-04-16 00:00:00'),(880,189,31,'2018-04-03 00:00:00','2018-04-17 00:00:00','2018-04-17 00:00:00'),(881,59,39,'2018-04-04 00:00:00','2018-04-18 00:00:00','2018-04-18 00:00:00'),(882,148,32,'2018-04-06 00:00:00','2018-04-20 00:00:00','2018-04-20 00:00:00'),(883,45,78,'2018-04-06 00:00:00','2018-04-20 00:00:00','2018-04-20 00:00:00'),(884,132,14,'2018-04-11 00:00:00','2018-04-25 00:00:00','2018-04-25 00:00:00'),(885,158,99,'2018-04-12 00:00:00','2018-04-26 00:00:00','2018-04-26 00:00:00'),(886,4,63,'2018-04-12 00:00:00','2018-04-26 00:00:00','2018-04-26 00:00:00'),(887,182,35,'2018-04-12 00:00:00','2018-04-26 00:00:00','2018-04-26 00:00:00'),(888,55,17,'2018-04-13 00:00:00','2018-04-27 00:00:00','2018-04-27 00:00:00'),(889,90,60,'2018-04-13 00:00:00','2018-04-27 00:00:00','2018-04-27 00:00:00'),(890,23,1,'2018-04-13 00:00:00','2018-04-27 00:00:00','2018-04-27 00:00:00'),(891,195,28,'2018-04-13 00:00:00','2018-04-27 00:00:00','2018-04-27 00:00:00'),(892,25,84,'2018-04-13 00:00:00','2018-04-27 00:00:00','2018-04-27 00:00:00'),(893,25,2,'2018-04-15 00:00:00','2018-04-29 00:00:00','2018-04-29 00:00:00'),(894,169,59,'2018-04-15 00:00:00','2018-04-29 00:00:00','2018-04-29 00:00:00'),(895,135,65,'2018-04-17 00:00:00','2018-05-01 00:00:00','2018-05-01 00:00:00'),(896,39,83,'2018-04-18 00:00:00','2018-05-02 00:00:00','2018-05-02 00:00:00'),(897,116,50,'2018-04-18 00:00:00','2018-05-02 00:00:00','2018-05-02 00:00:00'),(898,151,60,'2018-04-18 00:00:00','2018-05-02 00:00:00','2018-05-02 00:00:00'),(899,183,46,'2018-04-18 00:00:00','2018-05-02 00:00:00','2018-05-02 00:00:00'),(900,183,97,'2018-04-18 00:00:00','2018-05-02 00:00:00','2018-05-02 00:00:00'),(901,118,15,'2018-04-19 00:00:00','2018-05-03 00:00:00','2018-05-03 00:00:00'),(902,1,89,'2018-04-21 00:00:00','2018-05-05 00:00:00','2018-05-05 00:00:00'),(903,102,14,'2018-04-21 00:00:00','2018-05-05 00:00:00','2018-05-05 00:00:00'),(904,166,53,'2018-04-22 00:00:00','2018-05-06 00:00:00','2018-05-06 00:00:00'),(905,42,24,'2018-04-23 00:00:00','2018-05-07 00:00:00','2018-05-07 00:00:00'),(906,174,40,'2018-04-24 00:00:00','2018-05-08 00:00:00','2018-05-08 00:00:00'),(907,38,71,'2018-04-24 00:00:00','2018-05-08 00:00:00','2018-05-08 00:00:00'),(908,12,75,'2018-04-28 00:00:00','2018-05-12 00:00:00','2018-05-12 00:00:00'),(909,177,10,'2018-04-28 00:00:00','2018-05-12 00:00:00','2018-05-12 00:00:00'),(910,57,7,'2018-04-30 00:00:00','2018-05-14 00:00:00','2018-05-14 00:00:00'),(911,81,95,'2018-04-30 00:00:00','2018-05-14 00:00:00','2018-05-14 00:00:00'),(912,78,25,'2018-04-30 00:00:00','2018-05-14 00:00:00','2018-05-14 00:00:00'),(913,172,22,'2018-04-30 00:00:00','2018-05-14 00:00:00','2018-05-14 00:00:00'),(914,36,61,'2018-05-01 00:00:00','2018-05-15 00:00:00','2018-05-15 00:00:00'),(915,102,8,'2018-05-01 00:00:00','2018-05-15 00:00:00','2018-05-15 00:00:00'),(916,102,68,'2018-05-02 00:00:00','2018-05-16 00:00:00','2018-05-16 00:00:00'),(917,143,64,'2018-05-02 00:00:00','2018-05-16 00:00:00','2018-05-16 00:00:00'),(918,27,28,'2018-05-02 00:00:00','2018-05-16 00:00:00','2018-05-16 00:00:00'),(919,172,98,'2018-05-02 00:00:00','2018-05-16 00:00:00','2018-05-16 00:00:00'),(920,192,51,'2018-05-03 00:00:00','2018-05-17 00:00:00','2018-05-17 00:00:00'),(921,113,43,'2018-05-03 00:00:00','2018-05-17 00:00:00','2018-05-17 00:00:00'),(922,127,96,'2018-05-04 00:00:00','2018-05-18 00:00:00','2018-05-18 00:00:00'),(923,89,86,'2018-05-06 00:00:00','2018-05-20 00:00:00','2018-05-20 00:00:00'),(924,86,58,'2018-05-06 00:00:00','2018-05-20 00:00:00','2018-05-20 00:00:00'),(925,112,91,'2018-05-06 00:00:00','2018-05-20 00:00:00','2018-05-20 00:00:00'),(926,73,91,'2018-05-08 00:00:00','2018-05-22 00:00:00','2018-05-22 00:00:00'),(927,37,59,'2018-05-08 00:00:00','2018-05-22 00:00:00','2018-05-22 00:00:00'),(928,81,2,'2018-05-09 00:00:00','2018-05-23 00:00:00','2018-05-23 00:00:00'),(929,111,56,'2018-05-12 00:00:00','2018-05-26 00:00:00','2018-05-26 00:00:00'),(930,23,68,'2018-05-13 00:00:00','2018-05-27 00:00:00','2018-05-27 00:00:00'),(931,55,84,'2018-05-14 00:00:00','2018-05-28 00:00:00','2018-05-28 00:00:00'),(932,26,13,'2018-05-14 00:00:00','2018-05-28 00:00:00','2018-05-28 00:00:00'),(933,155,1,'2018-05-16 00:00:00','2018-05-30 00:00:00','2018-05-30 00:00:00'),(934,144,31,'2018-05-16 00:00:00','2018-05-30 00:00:00','2018-05-30 00:00:00'),(935,1,65,'2018-05-16 00:00:00','2018-05-30 00:00:00','2018-05-30 00:00:00'),(936,31,78,'2018-05-18 00:00:00','2018-06-01 00:00:00','2018-06-01 00:00:00'),(937,117,70,'2018-05-20 00:00:00','2018-06-03 00:00:00','2018-06-03 00:00:00'),(938,178,78,'2018-05-21 00:00:00','2018-06-04 00:00:00','2018-06-04 00:00:00'),(939,130,95,'2018-05-22 00:00:00','2018-06-05 00:00:00','2018-06-05 00:00:00'),(940,159,51,'2018-05-24 00:00:00','2018-06-07 00:00:00','2018-06-07 00:00:00'),(941,24,13,'2018-05-25 00:00:00','2018-06-08 00:00:00','2018-06-08 00:00:00'),(942,46,90,'2018-05-25 00:00:00','2018-06-08 00:00:00','2018-06-08 00:00:00'),(943,98,44,'2018-05-25 00:00:00','2018-06-08 00:00:00','2018-06-08 00:00:00'),(944,128,59,'2018-05-26 00:00:00','2018-06-09 00:00:00','2018-06-09 00:00:00'),(945,68,30,'2018-05-26 00:00:00','2018-06-09 00:00:00','2018-06-09 00:00:00'),(946,40,12,'2018-05-27 00:00:00','2018-06-10 00:00:00','2018-06-10 00:00:00'),(947,118,89,'2018-05-28 00:00:00','2018-06-11 00:00:00','2018-06-11 00:00:00'),(948,149,46,'2018-05-28 00:00:00','2018-06-11 00:00:00','2018-06-11 00:00:00'),(949,143,17,'2018-05-28 00:00:00','2018-06-11 00:00:00','2018-06-11 00:00:00'),(950,124,36,'2018-05-28 00:00:00','2018-06-11 00:00:00','2018-06-11 00:00:00'),(951,39,44,'2018-05-28 00:00:00','2018-06-11 00:00:00','2018-06-11 00:00:00'),(952,143,27,'2018-05-31 00:00:00','2018-06-14 00:00:00','2018-06-14 00:00:00'),(953,139,8,'2018-06-01 00:00:00','2018-06-15 00:00:00','2018-06-15 00:00:00'),(954,129,61,'2018-06-02 00:00:00','2018-06-16 00:00:00','2018-06-16 00:00:00'),(955,136,3,'2018-06-03 00:00:00','2018-06-17 00:00:00','2018-06-17 00:00:00'),(956,168,10,'2018-06-04 00:00:00','2018-06-18 00:00:00','2018-06-18 00:00:00'),(957,35,51,'2018-06-05 00:00:00','2018-06-19 00:00:00','2018-06-19 00:00:00'),(958,96,99,'2018-06-06 00:00:00','2018-06-20 00:00:00','2018-06-20 00:00:00'),(959,59,21,'2018-06-06 00:00:00','2018-06-20 00:00:00','2018-06-20 00:00:00'),(960,76,86,'2018-06-07 00:00:00','2018-06-21 00:00:00','2018-06-21 00:00:00'),(961,192,40,'2018-06-08 00:00:00','2018-06-22 00:00:00','2018-06-22 00:00:00'),(962,99,99,'2018-06-10 00:00:00','2018-06-24 00:00:00','2018-06-24 00:00:00'),(963,200,66,'2018-06-11 00:00:00','2018-06-25 00:00:00','2018-06-25 00:00:00'),(964,3,61,'2018-06-11 00:00:00','2018-06-25 00:00:00','2018-06-25 00:00:00'),(965,156,2,'2018-06-11 00:00:00','2018-06-25 00:00:00','2018-06-25 00:00:00'),(966,35,48,'2018-06-11 00:00:00','2018-06-25 00:00:00','2018-06-25 00:00:00'),(967,153,24,'2018-06-12 00:00:00','2018-06-26 00:00:00','2018-06-26 00:00:00'),(968,112,58,'2018-06-14 00:00:00','2018-06-28 00:00:00','2018-06-28 00:00:00'),(969,53,73,'2018-06-15 00:00:00','2018-06-29 00:00:00','2018-06-29 00:00:00'),(970,60,15,'2018-06-15 00:00:00','2018-06-29 00:00:00','2018-06-29 00:00:00'),(971,81,38,'2018-06-16 00:00:00','2018-06-30 00:00:00','2018-06-30 00:00:00'),(972,106,8,'2018-06-16 00:00:00','2018-06-30 00:00:00','2018-06-30 00:00:00'),(973,121,15,'2018-06-16 00:00:00','2018-06-30 00:00:00','2018-06-30 00:00:00'),(974,114,97,'2018-06-17 00:00:00','2018-07-01 00:00:00','2018-07-01 00:00:00'),(975,49,67,'2018-06-18 00:00:00','2018-07-02 00:00:00','2018-07-02 00:00:00'),(976,55,10,'2018-06-18 00:00:00','2018-07-02 00:00:00','2018-07-02 00:00:00'),(977,8,47,'2018-06-19 00:00:00','2018-07-03 00:00:00','2018-07-03 00:00:00'),(978,105,93,'2018-06-20 00:00:00','2018-07-04 00:00:00','2018-07-04 00:00:00'),(979,173,13,'2018-06-21 00:00:00','2018-07-05 00:00:00','2018-07-05 00:00:00'),(980,198,41,'2018-06-21 00:00:00','2018-07-05 00:00:00','2018-07-05 00:00:00'),(981,170,10,'2018-06-23 00:00:00','2018-07-07 00:00:00','2018-07-07 00:00:00'),(982,112,72,'2018-06-23 00:00:00','2018-07-07 00:00:00','2018-07-07 00:00:00'),(983,88,84,'2018-06-24 00:00:00','2018-07-08 00:00:00','2018-07-08 00:00:00'),(984,36,19,'2018-06-26 00:00:00','2018-07-10 00:00:00','2018-07-10 00:00:00'),(985,142,90,'2018-06-26 00:00:00','2018-07-10 00:00:00','2018-07-10 00:00:00'),(986,70,48,'2018-06-28 00:00:00','2018-07-12 00:00:00','2018-07-12 00:00:00'),(987,116,57,'2018-06-29 00:00:00','2018-07-13 00:00:00','2018-07-13 00:00:00'),(988,170,21,'2018-06-29 00:00:00','2018-07-13 00:00:00','2018-07-13 00:00:00'),(989,78,8,'2018-06-30 00:00:00','2018-07-14 00:00:00','2018-07-14 00:00:00'),(990,38,1,'2018-07-01 00:00:00','2018-07-15 00:00:00','2018-07-15 00:00:00'),(991,78,70,'2018-07-02 00:00:00','2018-07-16 00:00:00','2018-07-16 00:00:00'),(992,68,80,'2018-07-02 00:00:00','2018-07-16 00:00:00','2018-07-16 00:00:00'),(993,175,65,'2018-07-03 00:00:00','2018-07-17 00:00:00','2018-07-17 00:00:00'),(994,54,59,'2018-07-04 00:00:00','2018-07-18 00:00:00','2018-07-18 00:00:00'),(995,161,77,'2018-07-05 00:00:00','2018-07-19 00:00:00','2018-07-19 00:00:00'),(996,160,15,'2018-07-05 00:00:00','2018-07-19 00:00:00','2018-07-19 00:00:00'),(997,122,15,'2018-07-06 00:00:00','2018-07-20 00:00:00','2018-07-20 00:00:00'),(998,81,49,'2018-07-06 00:00:00','2018-07-20 00:00:00','2018-07-20 00:00:00'),(999,11,75,'2018-07-07 00:00:00','2018-07-21 00:00:00','2018-07-21 00:00:00'),(1000,187,18,'2018-07-07 00:00:00','2018-07-21 00:00:00','2018-07-21 00:00:00'),(1001,169,78,'2018-07-08 00:00:00','2018-07-22 00:00:00','2018-07-22 00:00:00'),(1002,192,2,'2018-07-09 00:00:00','2018-07-23 00:00:00','2018-07-23 00:00:00'),(1003,40,2,'2018-07-09 00:00:00','2018-07-23 00:00:00','2018-07-23 00:00:00'),(1004,181,11,'2018-07-10 00:00:00','2018-07-24 00:00:00','2018-07-24 00:00:00'),(1005,139,2,'2018-07-10 00:00:00','2018-07-24 00:00:00','2018-07-24 00:00:00'),(1006,118,41,'2018-07-10 00:00:00','2018-07-24 00:00:00','2018-07-24 00:00:00'),(1007,135,68,'2018-07-11 00:00:00','2018-07-25 00:00:00','2018-07-25 00:00:00'),(1008,153,32,'2018-07-12 00:00:00','2018-07-26 00:00:00','2018-07-26 00:00:00'),(1009,119,14,'2018-07-12 00:00:00','2018-07-26 00:00:00','2018-07-26 00:00:00'),(1010,151,31,'2018-07-12 00:00:00','2018-07-26 00:00:00','2018-07-26 00:00:00'),(1011,79,81,'2018-07-13 00:00:00','2018-07-27 00:00:00','2018-07-27 00:00:00'),(1012,139,7,'2018-07-13 00:00:00','2018-07-27 00:00:00','2018-07-27 00:00:00'),(1013,4,85,'2018-07-13 00:00:00','2018-07-27 00:00:00','2018-07-27 00:00:00'),(1014,68,65,'2018-07-14 00:00:00','2018-07-28 00:00:00','2018-07-28 00:00:00'),(1015,185,51,'2018-07-14 00:00:00','2018-07-28 00:00:00','2018-07-28 00:00:00'),(1016,107,67,'2018-07-15 00:00:00','2018-07-29 00:00:00','2018-07-29 00:00:00'),(1017,180,46,'2018-07-17 00:00:00','2018-07-31 00:00:00','2018-07-31 00:00:00'),(1018,85,51,'2018-07-17 00:00:00','2018-07-31 00:00:00','2018-07-31 00:00:00'),(1019,40,3,'2018-07-18 00:00:00','2018-08-01 00:00:00','2018-08-01 00:00:00'),(1020,159,77,'2018-07-18 00:00:00','2018-08-01 00:00:00','2018-08-01 00:00:00'),(1021,145,92,'2018-07-18 00:00:00','2018-08-01 00:00:00','2018-08-01 00:00:00'),(1022,92,10,'2018-07-18 00:00:00','2018-08-01 00:00:00','2018-08-01 00:00:00'),(1023,122,70,'2018-07-19 00:00:00','2018-08-02 00:00:00','2018-08-02 00:00:00'),(1024,85,12,'2018-07-19 00:00:00','2018-08-02 00:00:00','2018-08-02 00:00:00'),(1025,10,46,'2018-07-21 00:00:00','2018-08-04 00:00:00','2018-08-04 00:00:00'),(1026,80,26,'2018-07-24 00:00:00','2018-08-07 00:00:00','2018-08-07 00:00:00'),(1027,45,37,'2018-07-25 00:00:00','2018-08-08 00:00:00','2018-08-08 00:00:00'),(1028,53,42,'2018-07-28 00:00:00','2018-08-11 00:00:00','2018-08-11 00:00:00'),(1029,196,30,'2018-07-28 00:00:00','2018-08-11 00:00:00','2018-08-11 00:00:00'),(1030,170,34,'2018-07-28 00:00:00','2018-08-11 00:00:00','2018-08-11 00:00:00'),(1031,4,76,'2018-07-29 00:00:00','2018-08-12 00:00:00','2018-08-12 00:00:00'),(1032,100,36,'2018-07-29 00:00:00','2018-08-12 00:00:00','2018-08-12 00:00:00'),(1033,172,80,'2018-07-29 00:00:00','2018-08-12 00:00:00','2018-08-12 00:00:00'),(1034,93,97,'2018-07-31 00:00:00','2018-08-14 00:00:00','2018-08-14 00:00:00'),(1035,171,95,'2018-07-31 00:00:00','2018-08-14 00:00:00','2018-08-14 00:00:00'),(1036,102,29,'2018-08-01 00:00:00','2018-08-15 00:00:00','2018-08-15 00:00:00'),(1037,69,30,'2018-08-02 00:00:00','2018-08-16 00:00:00','2018-08-16 00:00:00'),(1038,192,95,'2018-08-02 00:00:00','2018-08-16 00:00:00','2018-08-16 00:00:00'),(1039,190,77,'2018-08-02 00:00:00','2018-08-16 00:00:00','2018-08-16 00:00:00'),(1040,157,20,'2018-08-02 00:00:00','2018-08-16 00:00:00','2018-08-16 00:00:00'),(1041,82,76,'2018-08-03 00:00:00','2018-08-17 00:00:00','2018-08-17 00:00:00'),(1042,36,59,'2018-08-04 00:00:00','2018-08-18 00:00:00','2018-08-18 00:00:00'),(1043,8,25,'2018-08-05 00:00:00','2018-08-19 00:00:00','2018-08-19 00:00:00'),(1044,65,12,'2018-08-05 00:00:00','2018-08-19 00:00:00','2018-08-19 00:00:00'),(1045,35,13,'2018-08-05 00:00:00','2018-08-19 00:00:00','2018-08-19 00:00:00'),(1046,190,66,'2018-08-06 00:00:00','2018-08-20 00:00:00','2018-08-20 00:00:00'),(1047,142,19,'2018-08-06 00:00:00','2018-08-20 00:00:00','2018-08-20 00:00:00'),(1048,18,87,'2018-08-07 00:00:00','2018-08-21 00:00:00','2018-08-21 00:00:00'),(1049,126,63,'2018-08-08 00:00:00','2018-08-22 00:00:00','2018-08-22 00:00:00'),(1050,123,5,'2018-08-09 00:00:00','2018-08-23 00:00:00','2018-08-23 00:00:00'),(1051,146,15,'2018-08-09 00:00:00','2018-08-23 00:00:00','2018-08-23 00:00:00'),(1052,38,68,'2018-08-10 00:00:00','2018-08-24 00:00:00','2018-08-24 00:00:00'),(1053,120,26,'2018-08-11 00:00:00','2018-08-25 00:00:00','2018-08-25 00:00:00'),(1054,180,98,'2018-08-11 00:00:00','2018-08-25 00:00:00','2018-08-25 00:00:00'),(1055,140,17,'2018-08-11 00:00:00','2018-08-25 00:00:00','2018-08-25 00:00:00'),(1056,128,68,'2018-08-12 00:00:00','2018-08-26 00:00:00','2018-08-26 00:00:00'),(1057,5,71,'2018-08-13 00:00:00','2018-08-27 00:00:00','2018-08-27 00:00:00'),(1058,172,98,'2018-08-13 00:00:00','2018-08-27 00:00:00','2018-08-27 00:00:00'),(1059,8,11,'2018-08-14 00:00:00','2018-08-28 00:00:00','2018-08-28 00:00:00'),(1060,15,75,'2018-08-15 00:00:00','2018-08-29 00:00:00','2018-08-29 00:00:00'),(1061,101,12,'2018-08-16 00:00:00','2018-08-30 00:00:00','2018-08-30 00:00:00'),(1062,114,11,'2018-08-17 00:00:00','2018-08-31 00:00:00','2018-08-31 00:00:00'),(1063,21,79,'2018-08-17 00:00:00','2018-08-31 00:00:00','2018-08-31 00:00:00'),(1064,146,99,'2018-08-18 00:00:00','2018-09-01 00:00:00','2018-09-01 00:00:00'),(1065,136,17,'2018-08-18 00:00:00','2018-09-01 00:00:00','2018-09-01 00:00:00'),(1066,41,78,'2018-08-18 00:00:00','2018-09-01 00:00:00','2018-09-01 00:00:00'),(1067,155,85,'2018-08-18 00:00:00','2018-09-01 00:00:00','2018-09-01 00:00:00'),(1068,99,82,'2018-08-18 00:00:00','2018-09-01 00:00:00','2018-09-01 00:00:00'),(1069,109,85,'2018-08-19 00:00:00','2018-09-02 00:00:00','2018-09-02 00:00:00'),(1070,172,93,'2018-08-19 00:00:00','2018-09-02 00:00:00','2018-09-02 00:00:00'),(1071,11,34,'2018-08-21 00:00:00','2018-09-04 00:00:00','2018-09-04 00:00:00'),(1072,123,39,'2018-08-24 00:00:00','2018-09-07 00:00:00','2018-09-07 00:00:00'),(1073,39,29,'2018-08-25 00:00:00','2018-09-08 00:00:00','2018-09-08 00:00:00'),(1074,199,29,'2018-08-25 00:00:00','2018-09-08 00:00:00','2018-09-08 00:00:00'),(1075,80,71,'2018-08-26 00:00:00','2018-09-09 00:00:00','2018-09-09 00:00:00'),(1076,82,52,'2018-08-30 00:00:00','2018-09-13 00:00:00','2018-09-13 00:00:00'),(1077,79,42,'2018-08-31 00:00:00','2018-09-14 00:00:00','2018-09-14 00:00:00'),(1078,199,21,'2018-08-31 00:00:00','2018-09-14 00:00:00','2018-09-14 00:00:00'),(1079,103,49,'2018-09-01 00:00:00','2018-09-15 00:00:00','2018-09-15 00:00:00'),(1080,44,62,'2018-09-02 00:00:00','2018-09-16 00:00:00','2018-09-16 00:00:00'),(1081,192,84,'2018-09-02 00:00:00','2018-09-16 00:00:00','2018-09-16 00:00:00'),(1082,190,45,'2018-09-02 00:00:00','2018-09-16 00:00:00','2018-09-16 00:00:00'),(1083,12,92,'2018-09-03 00:00:00','2018-09-17 00:00:00','2018-09-17 00:00:00'),(1084,126,19,'2018-09-03 00:00:00','2018-09-17 00:00:00','2018-09-17 00:00:00'),(1085,14,4,'2018-09-04 00:00:00','2018-09-18 00:00:00','2018-09-18 00:00:00'),(1086,195,10,'2018-09-04 00:00:00','2018-09-18 00:00:00','2018-09-18 00:00:00'),(1087,123,45,'2018-09-04 00:00:00','2018-09-18 00:00:00','2018-09-18 00:00:00'),(1088,58,1,'2018-09-05 00:00:00','2018-09-19 00:00:00','2018-09-19 00:00:00'),(1089,179,90,'2018-09-05 00:00:00','2018-09-19 00:00:00','2018-09-19 00:00:00'),(1090,195,7,'2018-09-05 00:00:00','2018-09-19 00:00:00','2018-09-19 00:00:00'),(1091,109,80,'2018-09-08 00:00:00','2018-09-22 00:00:00','2018-09-22 00:00:00'),(1092,85,84,'2018-09-09 00:00:00','2018-09-23 00:00:00','2018-09-23 00:00:00'),(1093,149,75,'2018-09-09 00:00:00','2018-09-23 00:00:00','2018-09-23 00:00:00'),(1094,69,45,'2018-09-09 00:00:00','2018-09-23 00:00:00','2018-09-23 00:00:00'),(1095,181,54,'2018-09-10 00:00:00','2018-09-24 00:00:00','2018-09-24 00:00:00'),(1096,120,4,'2018-09-11 00:00:00','2018-09-25 00:00:00','2018-09-25 00:00:00'),(1097,55,94,'2018-09-11 00:00:00','2018-09-25 00:00:00','2018-09-25 00:00:00'),(1098,153,95,'2018-09-11 00:00:00','2018-09-25 00:00:00','2018-09-25 00:00:00'),(1099,39,92,'2018-09-12 00:00:00','2018-09-26 00:00:00','2018-09-26 00:00:00'),(1100,121,70,'2018-09-14 00:00:00','2018-09-28 00:00:00','2018-09-28 00:00:00'),(1101,69,84,'2018-09-15 00:00:00','2018-09-29 00:00:00','2018-09-29 00:00:00'),(1102,98,42,'2018-09-17 00:00:00','2018-10-01 00:00:00','2018-10-01 00:00:00'),(1103,182,41,'2018-09-18 00:00:00','2018-10-02 00:00:00','2018-10-02 00:00:00'),(1104,43,48,'2018-09-18 00:00:00','2018-10-02 00:00:00','2018-10-02 00:00:00'),(1105,161,5,'2018-09-19 00:00:00','2018-10-03 00:00:00','2018-10-03 00:00:00'),(1106,74,42,'2018-09-19 00:00:00','2018-10-03 00:00:00','2018-10-03 00:00:00'),(1107,107,60,'2018-09-20 00:00:00','2018-10-04 00:00:00','2018-10-04 00:00:00'),(1108,88,77,'2018-09-20 00:00:00','2018-10-04 00:00:00','2018-10-04 00:00:00'),(1109,166,1,'2018-09-21 00:00:00','2018-10-05 00:00:00','2018-10-05 00:00:00'),(1110,143,33,'2018-09-21 00:00:00','2018-10-05 00:00:00','2018-10-05 00:00:00'),(1111,9,62,'2018-09-22 00:00:00','2018-10-06 00:00:00','2018-10-06 00:00:00'),(1112,34,96,'2018-09-22 00:00:00','2018-10-06 00:00:00','2018-10-06 00:00:00'),(1113,36,42,'2018-09-23 00:00:00','2018-10-07 00:00:00','2018-10-07 00:00:00'),(1114,99,28,'2018-09-24 00:00:00','2018-10-08 00:00:00','2018-10-08 00:00:00'),(1115,59,5,'2018-09-24 00:00:00','2018-10-08 00:00:00','2018-10-08 00:00:00'),(1116,154,93,'2018-09-24 00:00:00','2018-10-08 00:00:00','2018-10-08 00:00:00'),(1117,85,9,'2018-09-24 00:00:00','2018-10-08 00:00:00','2018-10-08 00:00:00'),(1118,180,31,'2018-09-26 00:00:00','2018-10-10 00:00:00','2018-10-10 00:00:00'),(1119,152,28,'2018-09-26 00:00:00','2018-10-10 00:00:00','2018-10-10 00:00:00'),(1120,94,28,'2018-09-27 00:00:00','2018-10-11 00:00:00','2018-10-11 00:00:00'),(1121,152,35,'2018-09-27 00:00:00','2018-10-11 00:00:00','2018-10-11 00:00:00'),(1122,165,42,'2018-09-28 00:00:00','2018-10-12 00:00:00','2018-10-12 00:00:00'),(1123,63,13,'2018-09-28 00:00:00','2018-10-12 00:00:00','2018-10-12 00:00:00'),(1124,87,15,'2018-09-29 00:00:00','2018-10-13 00:00:00','2018-10-13 00:00:00'),(1125,105,17,'2018-09-29 00:00:00','2018-10-13 00:00:00','2018-10-13 00:00:00'),(1126,92,61,'2018-09-29 00:00:00','2018-10-13 00:00:00','2018-10-13 00:00:00'),(1127,55,67,'2018-09-30 00:00:00','2018-10-14 00:00:00','2018-10-14 00:00:00'),(1128,60,33,'2018-09-30 00:00:00','2018-10-14 00:00:00','2018-10-14 00:00:00'),(1129,33,33,'2018-09-30 00:00:00','2018-10-14 00:00:00','2018-10-14 00:00:00'),(1130,123,2,'2018-10-01 00:00:00','2018-10-15 00:00:00','2018-10-15 00:00:00'),(1131,41,72,'2018-10-04 00:00:00','2018-10-18 00:00:00','2018-10-18 00:00:00'),(1132,137,25,'2018-10-04 00:00:00','2018-10-18 00:00:00','2018-10-18 00:00:00'),(1133,7,24,'2018-10-05 00:00:00','2018-10-19 00:00:00','2018-10-19 00:00:00'),(1134,143,58,'2018-10-06 00:00:00','2018-10-20 00:00:00','2018-10-20 00:00:00'),(1135,167,95,'2018-10-06 00:00:00','2018-10-20 00:00:00','2018-10-20 00:00:00'),(1136,31,70,'2018-10-07 00:00:00','2018-10-21 00:00:00','2018-10-21 00:00:00'),(1137,167,65,'2018-10-07 00:00:00','2018-10-21 00:00:00','2018-10-21 00:00:00'),(1138,16,97,'2018-10-09 00:00:00','2018-10-23 00:00:00','2018-10-23 00:00:00'),(1139,200,17,'2018-10-10 00:00:00','2018-10-24 00:00:00','2018-10-24 00:00:00'),(1140,172,47,'2018-10-10 00:00:00','2018-10-24 00:00:00','2018-10-24 00:00:00'),(1141,200,62,'2018-10-10 00:00:00','2018-10-24 00:00:00','2018-10-24 00:00:00'),(1142,38,46,'2018-10-11 00:00:00','2018-10-25 00:00:00','2018-10-25 00:00:00'),(1143,151,9,'2018-10-12 00:00:00','2018-10-26 00:00:00','2018-10-26 00:00:00'),(1144,153,72,'2018-10-12 00:00:00','2018-10-26 00:00:00','2018-10-26 00:00:00'),(1145,14,89,'2018-10-12 00:00:00','2018-10-26 00:00:00','2018-10-26 00:00:00'),(1146,44,41,'2018-10-13 00:00:00','2018-10-27 00:00:00','2018-10-27 00:00:00'),(1147,50,87,'2018-10-13 00:00:00','2018-10-27 00:00:00','2018-10-27 00:00:00'),(1148,90,34,'2018-10-15 00:00:00','2018-10-29 00:00:00','2018-10-29 00:00:00'),(1149,34,29,'2018-10-15 00:00:00','2018-10-29 00:00:00','2018-10-29 00:00:00'),(1150,136,42,'2018-10-16 00:00:00','2018-10-30 00:00:00','2018-10-30 00:00:00'),(1151,144,87,'2018-10-16 00:00:00','2018-10-30 00:00:00','2018-10-30 00:00:00'),(1152,54,55,'2018-10-16 00:00:00','2018-10-30 00:00:00','2018-10-30 00:00:00'),(1153,171,67,'2018-10-17 00:00:00','2018-10-31 00:00:00','2018-10-31 00:00:00'),(1154,49,78,'2018-10-17 00:00:00','2018-10-31 00:00:00','2018-10-31 00:00:00'),(1155,34,92,'2018-10-19 00:00:00','2018-11-02 00:00:00','2018-11-02 00:00:00'),(1156,165,15,'2018-10-20 00:00:00','2018-11-03 00:00:00','2018-11-03 00:00:00'),(1157,117,39,'2018-10-20 00:00:00','2018-11-03 00:00:00','2018-11-03 00:00:00'),(1158,99,61,'2018-10-20 00:00:00','2018-11-03 00:00:00','2018-11-03 00:00:00'),(1159,122,30,'2018-10-20 00:00:00','2018-11-03 00:00:00','2018-11-03 00:00:00'),(1160,70,5,'2018-10-21 00:00:00','2018-11-04 00:00:00','2018-11-04 00:00:00'),(1161,117,70,'2018-10-22 00:00:00','2018-11-05 00:00:00','2018-11-05 00:00:00'),(1162,94,65,'2018-10-23 00:00:00','2018-11-06 00:00:00','2018-11-06 00:00:00'),(1163,141,66,'2018-10-23 00:00:00','2018-11-06 00:00:00','2018-11-06 00:00:00'),(1164,122,80,'2018-10-23 00:00:00','2018-11-06 00:00:00','2018-11-06 00:00:00'),(1165,23,86,'2018-10-23 00:00:00','2018-11-06 00:00:00','2018-11-06 00:00:00'),(1166,199,85,'2018-10-23 00:00:00','2018-11-06 00:00:00','2018-11-06 00:00:00'),(1167,180,63,'2018-10-24 00:00:00','2018-11-07 00:00:00','2018-11-07 00:00:00'),(1168,65,30,'2018-10-25 00:00:00','2018-11-08 00:00:00','2018-11-08 00:00:00'),(1169,199,26,'2018-10-25 00:00:00','2018-11-08 00:00:00','2018-11-08 00:00:00'),(1170,9,14,'2018-10-26 00:00:00','2018-11-09 00:00:00','2018-11-09 00:00:00'),(1171,29,75,'2018-10-28 00:00:00','2018-11-11 00:00:00','2018-11-11 00:00:00'),(1172,13,38,'2018-10-29 00:00:00','2018-11-12 00:00:00','2018-11-12 00:00:00'),(1173,171,30,'2018-10-30 00:00:00','2018-11-13 00:00:00','2018-11-13 00:00:00'),(1174,193,75,'2018-11-01 00:00:00','2018-11-15 00:00:00','2018-11-15 00:00:00'),(1175,166,85,'2018-11-01 00:00:00','2018-11-15 00:00:00','2018-11-15 00:00:00'),(1176,72,18,'2018-11-03 00:00:00','2018-11-17 00:00:00','2018-11-17 00:00:00'),(1177,76,37,'2018-11-04 00:00:00','2018-11-18 00:00:00','2018-11-18 00:00:00'),(1178,180,46,'2018-11-04 00:00:00','2018-11-18 00:00:00','2018-11-18 00:00:00'),(1179,42,19,'2018-11-05 00:00:00','2018-11-19 00:00:00','2018-11-19 00:00:00'),(1180,96,57,'2018-11-08 00:00:00','2018-11-22 00:00:00','2018-11-22 00:00:00'),(1181,179,38,'2018-11-09 00:00:00','2018-11-23 00:00:00','2018-11-23 00:00:00'),(1182,113,3,'2018-11-09 00:00:00','2018-11-23 00:00:00','2018-11-23 00:00:00'),(1183,148,90,'2018-11-11 00:00:00','2018-11-25 00:00:00','2018-11-25 00:00:00'),(1184,124,97,'2018-11-11 00:00:00','2018-11-25 00:00:00','2018-11-25 00:00:00'),(1185,71,57,'2018-11-11 00:00:00','2018-11-25 00:00:00','2018-11-25 00:00:00'),(1186,20,100,'2018-11-12 00:00:00','2018-11-26 00:00:00','2018-11-26 00:00:00'),(1187,191,9,'2018-11-12 00:00:00','2018-11-26 00:00:00','2018-11-26 00:00:00'),(1188,157,4,'2018-11-13 00:00:00','2018-11-27 00:00:00','2018-11-27 00:00:00'),(1189,183,43,'2018-11-13 00:00:00','2018-11-27 00:00:00','2018-11-27 00:00:00'),(1190,198,22,'2018-11-14 00:00:00','2018-11-28 00:00:00','2018-11-28 00:00:00'),(1191,128,6,'2018-11-15 00:00:00','2018-11-29 00:00:00','2018-11-29 00:00:00'),(1192,43,56,'2018-11-16 00:00:00','2018-11-30 00:00:00','2018-11-30 00:00:00'),(1193,177,2,'2018-11-16 00:00:00','2018-11-30 00:00:00','2018-11-30 00:00:00'),(1194,11,16,'2018-11-16 00:00:00','2018-11-30 00:00:00','2018-11-30 00:00:00'),(1195,117,58,'2018-11-18 00:00:00','2018-12-02 00:00:00','2018-12-02 00:00:00'),(1196,58,97,'2018-11-20 00:00:00','2018-12-04 00:00:00','2018-12-04 00:00:00'),(1197,5,52,'2018-11-20 00:00:00','2018-12-04 00:00:00','2018-12-04 00:00:00'),(1198,194,94,'2018-11-22 00:00:00','2018-12-06 00:00:00','2018-12-06 00:00:00'),(1199,31,79,'2018-11-22 00:00:00','2018-12-06 00:00:00','2018-12-06 00:00:00'),(1200,98,99,'2018-11-22 00:00:00','2018-12-06 00:00:00','2018-12-06 00:00:00'),(1201,85,73,'2018-11-22 00:00:00','2018-12-06 00:00:00','2018-12-06 00:00:00'),(1202,131,55,'2018-11-25 00:00:00','2018-12-09 00:00:00','2018-12-09 00:00:00'),(1203,170,55,'2018-11-26 00:00:00','2018-12-10 00:00:00','2018-12-10 00:00:00'),(1204,124,96,'2018-11-27 00:00:00','2018-12-11 00:00:00','2018-12-11 00:00:00'),(1205,103,92,'2018-11-28 00:00:00','2018-12-12 00:00:00','2018-12-12 00:00:00'),(1206,72,84,'2018-11-28 00:00:00','2018-12-12 00:00:00','2018-12-12 00:00:00'),(1207,30,98,'2018-11-30 00:00:00','2018-12-14 00:00:00','2018-12-14 00:00:00'),(1208,20,39,'2018-11-30 00:00:00','2018-12-14 00:00:00','2018-12-14 00:00:00'),(1209,152,87,'2018-11-30 00:00:00','2018-12-14 00:00:00','2018-12-14 00:00:00'),(1210,186,87,'2018-12-01 00:00:00','2018-12-15 00:00:00','2018-12-15 00:00:00'),(1211,45,76,'2018-12-01 00:00:00','2018-12-15 00:00:00','2018-12-15 00:00:00'),(1212,153,13,'2018-12-03 00:00:00','2018-12-17 00:00:00','2018-12-17 00:00:00'),(1213,129,19,'2018-12-03 00:00:00','2018-12-17 00:00:00','2018-12-17 00:00:00'),(1214,145,86,'2018-12-04 00:00:00','2018-12-18 00:00:00','2018-12-18 00:00:00'),(1215,27,48,'2018-12-04 00:00:00','2018-12-18 00:00:00','2018-12-18 00:00:00'),(1216,191,78,'2018-12-05 00:00:00','2018-12-19 00:00:00','2018-12-19 00:00:00'),(1217,35,78,'2018-12-06 00:00:00','2018-12-20 00:00:00','2018-12-20 00:00:00'),(1218,181,17,'2018-12-06 00:00:00','2018-12-20 00:00:00','2018-12-20 00:00:00'),(1219,101,89,'2018-12-10 00:00:00','2018-12-24 00:00:00','2018-12-24 00:00:00'),(1220,109,89,'2018-12-15 00:00:00','2018-12-29 00:00:00','2018-12-29 00:00:00'),(1221,187,10,'2018-12-16 00:00:00','2018-12-30 00:00:00','2018-12-30 00:00:00'),(1222,168,23,'2018-12-17 00:00:00','2018-12-31 00:00:00','2018-12-31 00:00:00'),(1223,26,98,'2018-12-17 00:00:00','2018-12-31 00:00:00','2018-12-31 00:00:00'),(1224,30,41,'2018-12-18 00:00:00','2019-01-01 00:00:00','2019-01-01 00:00:00'),(1225,5,48,'2018-12-19 00:00:00','2019-01-02 00:00:00','2019-01-02 00:00:00'),(1226,10,24,'2018-12-19 00:00:00','2019-01-02 00:00:00','2019-01-02 00:00:00'),(1227,113,39,'2018-12-19 00:00:00','2019-01-02 00:00:00','2019-01-02 00:00:00'),(1228,85,10,'2018-12-19 00:00:00','2019-01-02 00:00:00','2019-01-02 00:00:00'),(1229,107,51,'2018-12-20 00:00:00','2019-01-03 00:00:00','2019-01-03 00:00:00'),(1230,162,45,'2018-12-21 00:00:00','2019-01-04 00:00:00','2019-01-04 00:00:00'),(1231,4,30,'2018-12-21 00:00:00','2019-01-04 00:00:00','2019-01-04 00:00:00'),(1232,52,11,'2018-12-23 00:00:00','2019-01-06 00:00:00','2019-01-06 00:00:00'),(1233,189,49,'2018-12-27 00:00:00','2019-01-10 00:00:00','2019-01-10 00:00:00'),(1234,56,81,'2018-12-28 00:00:00','2019-01-11 00:00:00','2019-01-11 00:00:00'),(1235,192,100,'2018-12-29 00:00:00','2019-01-12 00:00:00','2019-01-12 00:00:00'),(1236,42,50,'2018-12-30 00:00:00','2019-01-13 00:00:00','2019-01-13 00:00:00'),(1237,140,13,'2018-12-31 00:00:00','2019-01-14 00:00:00','2019-01-14 00:00:00'),(1238,111,45,'2018-12-31 00:00:00','2019-01-14 00:00:00','2019-01-14 00:00:00'),(1239,147,52,'2019-01-01 00:00:00','2019-01-15 00:00:00','2019-01-15 00:00:00'),(1240,183,12,'2019-01-01 00:00:00','2019-01-15 00:00:00','2019-01-15 00:00:00'),(1241,114,18,'2019-01-02 00:00:00','2019-01-16 00:00:00','2019-01-16 00:00:00'),(1242,11,37,'2019-01-02 00:00:00','2019-01-16 00:00:00','2019-01-16 00:00:00'),(1243,184,75,'2019-01-03 00:00:00','2019-01-17 00:00:00','2019-01-17 00:00:00'),(1244,80,44,'2019-01-03 00:00:00','2019-01-17 00:00:00','2019-01-17 00:00:00'),(1245,46,61,'2019-01-05 00:00:00','2019-01-19 00:00:00','2019-01-19 00:00:00'),(1246,93,32,'2019-01-05 00:00:00','2019-01-19 00:00:00','2019-01-19 00:00:00'),(1247,187,54,'2019-01-06 00:00:00','2019-01-20 00:00:00','2019-01-20 00:00:00'),(1248,6,39,'2019-01-06 00:00:00','2019-01-20 00:00:00','2019-01-20 00:00:00'),(1249,193,79,'2019-01-07 00:00:00','2019-01-21 00:00:00','2019-01-21 00:00:00'),(1250,80,77,'2019-01-08 00:00:00','2019-01-22 00:00:00','2019-01-22 00:00:00'),(1251,85,89,'2019-01-08 00:00:00','2019-01-22 00:00:00','2019-01-22 00:00:00'),(1252,71,5,'2019-01-08 00:00:00','2019-01-22 00:00:00','2019-01-22 00:00:00'),(1253,160,49,'2019-01-09 00:00:00','2019-01-23 00:00:00','2019-01-23 00:00:00'),(1254,98,79,'2019-01-12 00:00:00','2019-01-26 00:00:00','2019-01-26 00:00:00'),(1255,126,55,'2019-01-14 00:00:00','2019-01-28 00:00:00','2019-01-28 00:00:00'),(1256,91,68,'2019-01-15 00:00:00','2019-01-29 00:00:00','2019-01-29 00:00:00'),(1257,115,92,'2019-01-15 00:00:00','2019-01-29 00:00:00','2019-01-29 00:00:00'),(1258,49,85,'2019-01-15 00:00:00','2019-01-29 00:00:00','2019-01-29 00:00:00'),(1259,191,32,'2019-01-16 00:00:00','2019-01-30 00:00:00','2019-01-30 00:00:00'),(1260,127,30,'2019-01-17 00:00:00','2019-01-31 00:00:00','2019-01-31 00:00:00'),(1261,193,54,'2019-01-18 00:00:00','2019-02-01 00:00:00','2019-02-01 00:00:00'),(1262,2,55,'2019-01-18 00:00:00','2019-02-01 00:00:00','2019-02-01 00:00:00'),(1263,78,55,'2019-01-18 00:00:00','2019-02-01 00:00:00','2019-02-01 00:00:00'),(1264,131,82,'2019-01-19 00:00:00','2019-02-02 00:00:00','2019-02-02 00:00:00'),(1265,87,68,'2019-01-20 00:00:00','2019-02-03 00:00:00','2019-02-03 00:00:00'),(1266,87,39,'2019-01-20 00:00:00','2019-02-03 00:00:00','2019-02-03 00:00:00'),(1267,61,4,'2019-01-22 00:00:00','2019-02-05 00:00:00','2019-02-05 00:00:00'),(1268,104,43,'2019-01-24 00:00:00','2019-02-07 00:00:00','2019-02-07 00:00:00'),(1269,170,11,'2019-01-24 00:00:00','2019-02-07 00:00:00','2019-02-07 00:00:00'),(1270,130,61,'2019-01-25 00:00:00','2019-02-08 00:00:00','2019-02-08 00:00:00'),(1271,127,63,'2019-01-26 00:00:00','2019-02-09 00:00:00','2019-02-09 00:00:00'),(1272,39,8,'2019-01-28 00:00:00','2019-02-11 00:00:00','2019-02-11 00:00:00'),(1273,163,79,'2019-01-28 00:00:00','2019-02-11 00:00:00','2019-02-11 00:00:00'),(1274,117,13,'2019-01-29 00:00:00','2019-02-12 00:00:00','2019-02-12 00:00:00'),(1275,34,37,'2019-01-29 00:00:00','2019-02-12 00:00:00','2019-02-12 00:00:00'),(1276,167,95,'2019-01-29 00:00:00','2019-02-12 00:00:00','2019-02-12 00:00:00'),(1277,95,11,'2019-01-30 00:00:00','2019-02-13 00:00:00','2019-02-13 00:00:00'),(1278,176,90,'2019-01-30 00:00:00','2019-02-13 00:00:00','2019-02-13 00:00:00'),(1279,14,29,'2019-01-31 00:00:00','2019-02-14 00:00:00','2019-02-14 00:00:00'),(1280,194,93,'2019-01-31 00:00:00','2019-02-14 00:00:00','2019-02-14 00:00:00'),(1281,152,76,'2019-01-31 00:00:00','2019-02-14 00:00:00','2019-02-14 00:00:00'),(1282,142,67,'2019-02-02 00:00:00','2019-02-16 00:00:00','2019-02-16 00:00:00'),(1283,60,13,'2019-02-04 00:00:00','2019-02-18 00:00:00','2019-02-18 00:00:00'),(1284,26,18,'2019-02-05 00:00:00','2019-02-19 00:00:00','2019-02-19 00:00:00'),(1285,71,89,'2019-02-06 00:00:00','2019-02-20 00:00:00','2019-02-20 00:00:00'),(1286,25,24,'2019-02-06 00:00:00','2019-02-20 00:00:00','2019-02-20 00:00:00'),(1287,45,55,'2019-02-07 00:00:00','2019-02-21 00:00:00','2019-02-21 00:00:00'),(1288,93,39,'2019-02-08 00:00:00','2019-02-22 00:00:00','2019-02-22 00:00:00'),(1289,142,9,'2019-02-09 00:00:00','2019-02-23 00:00:00','2019-02-23 00:00:00'),(1290,191,54,'2019-02-09 00:00:00','2019-02-23 00:00:00','2019-02-23 00:00:00'),(1291,10,86,'2019-02-09 00:00:00','2019-02-23 00:00:00','2019-02-23 00:00:00'),(1292,17,52,'2019-02-10 00:00:00','2019-02-24 00:00:00','2019-02-24 00:00:00'),(1293,172,79,'2019-02-10 00:00:00','2019-02-24 00:00:00','2019-02-24 00:00:00'),(1294,106,74,'2019-02-10 00:00:00','2019-02-24 00:00:00','2019-02-24 00:00:00'),(1295,190,64,'2019-02-11 00:00:00','2019-02-25 00:00:00','2019-02-25 00:00:00'),(1296,15,13,'2019-02-11 00:00:00','2019-02-25 00:00:00','2019-02-25 00:00:00'),(1297,16,34,'2019-02-12 00:00:00','2019-02-26 00:00:00','2019-02-26 00:00:00'),(1298,75,66,'2019-02-13 00:00:00','2019-02-27 00:00:00','2019-02-27 00:00:00'),(1299,140,40,'2019-02-14 00:00:00','2019-02-28 00:00:00','2019-02-28 00:00:00'),(1300,120,62,'2019-02-15 00:00:00','2019-03-01 00:00:00','2019-03-01 00:00:00'),(1301,87,72,'2019-02-16 00:00:00','2019-03-02 00:00:00','2019-03-02 00:00:00'),(1302,20,84,'2019-02-16 00:00:00','2019-03-02 00:00:00','2019-03-02 00:00:00'),(1303,159,8,'2019-02-17 00:00:00','2019-03-03 00:00:00','2019-03-03 00:00:00'),(1304,87,46,'2019-02-17 00:00:00','2019-03-03 00:00:00','2019-03-03 00:00:00'),(1305,104,71,'2019-02-18 00:00:00','2019-03-04 00:00:00','2019-03-04 00:00:00'),(1306,181,93,'2019-02-20 00:00:00','2019-03-06 00:00:00','2019-03-06 00:00:00'),(1307,88,63,'2019-02-20 00:00:00','2019-03-06 00:00:00','2019-03-06 00:00:00'),(1308,30,89,'2019-02-21 00:00:00','2019-03-07 00:00:00','2019-03-07 00:00:00'),(1309,185,37,'2019-02-21 00:00:00','2019-03-07 00:00:00','2019-03-07 00:00:00'),(1310,51,6,'2019-02-21 00:00:00','2019-03-07 00:00:00','2019-03-07 00:00:00'),(1311,54,5,'2019-02-21 00:00:00','2019-03-07 00:00:00','2019-03-07 00:00:00'),(1312,19,91,'2019-02-22 00:00:00','2019-03-08 00:00:00','2019-03-08 00:00:00'),(1313,131,52,'2019-02-22 00:00:00','2019-03-08 00:00:00','2019-03-08 00:00:00'),(1314,195,82,'2019-02-23 00:00:00','2019-03-09 00:00:00','2019-03-09 00:00:00'),(1315,119,35,'2019-02-23 00:00:00','2019-03-09 00:00:00','2019-03-09 00:00:00'),(1316,49,82,'2019-02-24 00:00:00','2019-03-10 00:00:00','2019-03-10 00:00:00'),(1317,145,73,'2019-02-24 00:00:00','2019-03-10 00:00:00','2019-03-10 00:00:00'),(1318,26,43,'2019-02-24 00:00:00','2019-03-10 00:00:00','2019-03-10 00:00:00'),(1319,74,4,'2019-02-24 00:00:00','2019-03-10 00:00:00','2019-03-10 00:00:00'),(1320,67,99,'2019-02-25 00:00:00','2019-03-11 00:00:00','2019-03-11 00:00:00'),(1321,165,52,'2019-02-25 00:00:00','2019-03-11 00:00:00','2019-03-11 00:00:00'),(1322,177,45,'2019-02-27 00:00:00','2019-03-13 00:00:00','2019-03-13 00:00:00'),(1323,114,38,'2019-02-27 00:00:00','2019-03-13 00:00:00','2019-03-13 00:00:00'),(1324,133,85,'2019-03-01 00:00:00','2019-03-15 00:00:00','2019-03-15 00:00:00'),(1325,2,13,'2019-03-01 00:00:00','2019-03-15 00:00:00','2019-03-15 00:00:00'),(1326,174,1,'2019-03-01 00:00:00','2019-03-15 00:00:00','2019-03-15 00:00:00'),(1327,27,62,'2019-03-03 00:00:00','2019-03-17 00:00:00','2019-03-17 00:00:00'),(1328,147,96,'2019-03-04 00:00:00','2019-03-18 00:00:00','2019-03-18 00:00:00'),(1329,153,49,'2019-03-06 00:00:00','2019-03-20 00:00:00','2019-03-20 00:00:00'),(1330,76,52,'2019-03-07 00:00:00','2019-03-21 00:00:00','2019-03-21 00:00:00'),(1331,166,66,'2019-03-10 00:00:00','2019-03-24 00:00:00','2019-03-24 00:00:00'),(1332,81,41,'2019-03-11 00:00:00','2019-03-25 00:00:00','2019-03-25 00:00:00'),(1333,65,26,'2019-03-11 00:00:00','2019-03-25 00:00:00','2019-03-25 00:00:00'),(1334,138,25,'2019-03-11 00:00:00','2019-03-25 00:00:00','2019-03-25 00:00:00'),(1335,120,100,'2019-03-12 00:00:00','2019-03-26 00:00:00','2019-03-26 00:00:00'),(1336,132,10,'2019-03-14 00:00:00','2019-03-28 00:00:00','2019-03-28 00:00:00'),(1337,70,58,'2019-03-14 00:00:00','2019-03-28 00:00:00','2019-03-28 00:00:00'),(1338,177,21,'2019-03-15 00:00:00','2019-03-29 00:00:00','2019-03-29 00:00:00'),(1339,117,17,'2019-03-16 00:00:00','2019-03-30 00:00:00','2019-03-30 00:00:00'),(1340,123,4,'2019-03-16 00:00:00','2019-03-30 00:00:00','2019-03-30 00:00:00'),(1341,126,82,'2019-03-17 00:00:00','2019-03-31 00:00:00','2019-03-31 00:00:00'),(1342,87,99,'2019-03-17 00:00:00','2019-03-31 00:00:00','2019-03-31 00:00:00'),(1343,101,31,'2019-03-18 00:00:00','2019-04-01 00:00:00','2019-04-01 00:00:00'),(1344,172,3,'2019-03-18 00:00:00','2019-04-01 00:00:00','2019-04-01 00:00:00'),(1345,30,38,'2019-03-19 00:00:00','2019-04-02 00:00:00','2019-04-02 00:00:00'),(1346,8,35,'2019-03-20 00:00:00','2019-04-03 00:00:00','2019-04-03 00:00:00'),(1347,11,78,'2019-03-23 00:00:00','2019-04-06 00:00:00','2019-04-06 00:00:00'),(1348,68,27,'2019-03-25 00:00:00','2019-04-08 00:00:00','2019-04-08 00:00:00'),(1349,147,29,'2019-03-25 00:00:00','2019-04-08 00:00:00','2019-04-08 00:00:00'),(1350,116,92,'2019-03-27 00:00:00','2019-04-10 00:00:00','2019-04-10 00:00:00'),(1351,49,60,'2019-03-29 00:00:00','2019-04-12 00:00:00','2019-04-12 00:00:00'),(1352,19,85,'2019-03-30 00:00:00','2019-04-13 00:00:00','2019-04-13 00:00:00'),(1353,64,17,'2019-04-02 00:00:00','2019-04-16 00:00:00','2019-04-16 00:00:00'),(1354,84,31,'2019-04-02 00:00:00','2019-04-16 00:00:00','2019-04-16 00:00:00'),(1355,109,78,'2019-04-03 00:00:00','2019-04-17 00:00:00','2019-04-17 00:00:00'),(1356,149,71,'2019-04-04 00:00:00','2019-04-18 00:00:00','2019-04-18 00:00:00'),(1357,185,75,'2019-04-04 00:00:00','2019-04-18 00:00:00','2019-04-18 00:00:00'),(1358,4,81,'2019-04-05 00:00:00','2019-04-19 00:00:00','2019-04-19 00:00:00'),(1359,5,39,'2019-04-06 00:00:00','2019-04-20 00:00:00','2019-04-20 00:00:00'),(1360,194,13,'2019-04-06 00:00:00','2019-04-20 00:00:00','2019-04-20 00:00:00'),(1361,15,93,'2019-04-08 00:00:00','2019-04-22 00:00:00','2019-04-22 00:00:00'),(1362,117,78,'2019-04-09 00:00:00','2019-04-23 00:00:00','2019-04-23 00:00:00'),(1363,196,19,'2019-04-09 00:00:00','2019-04-23 00:00:00','2019-04-23 00:00:00'),(1364,3,39,'2019-04-10 00:00:00','2019-04-24 00:00:00','2019-04-24 00:00:00'),(1365,99,86,'2019-04-10 00:00:00','2019-04-24 00:00:00','2019-04-24 00:00:00'),(1366,136,74,'2019-04-10 00:00:00','2019-04-24 00:00:00','2019-04-24 00:00:00'),(1367,12,26,'2019-04-11 00:00:00','2019-04-25 00:00:00','2019-04-25 00:00:00'),(1368,77,60,'2019-04-12 00:00:00','2019-04-26 00:00:00','2019-04-26 00:00:00'),(1369,90,42,'2019-04-12 00:00:00','2019-04-26 00:00:00','2019-04-26 00:00:00'),(1370,23,20,'2019-04-12 00:00:00','2019-04-26 00:00:00','2019-04-26 00:00:00'),(1371,14,54,'2019-04-13 00:00:00','2019-04-27 00:00:00','2019-04-27 00:00:00'),(1372,197,80,'2019-04-13 00:00:00','2019-04-27 00:00:00','2019-04-27 00:00:00'),(1373,65,6,'2019-04-13 00:00:00','2019-04-27 00:00:00','2019-04-27 00:00:00'),(1374,2,7,'2019-04-13 00:00:00','2019-04-27 00:00:00','2019-04-27 00:00:00'),(1375,158,75,'2019-04-14 00:00:00','2019-04-28 00:00:00','2019-04-28 00:00:00'),(1376,200,43,'2019-04-15 00:00:00','2019-04-29 00:00:00','2019-04-29 00:00:00'),(1377,135,60,'2019-04-17 00:00:00','2019-05-01 00:00:00','2019-05-01 00:00:00'),(1378,153,66,'2019-04-18 00:00:00','2019-05-02 00:00:00','2019-05-02 00:00:00'),(1379,185,55,'2019-04-20 00:00:00','2019-05-04 00:00:00','2019-05-04 00:00:00'),(1380,165,85,'2019-04-22 00:00:00','2019-05-06 00:00:00','2019-05-06 00:00:00'),(1381,23,65,'2019-04-22 00:00:00','2019-05-06 00:00:00','2019-05-06 00:00:00'),(1382,29,52,'2019-04-23 00:00:00','2019-05-07 00:00:00','2019-05-07 00:00:00'),(1383,168,87,'2019-04-24 00:00:00','2019-05-08 00:00:00','2019-05-08 00:00:00'),(1384,89,43,'2019-04-24 00:00:00','2019-05-08 00:00:00','2019-05-08 00:00:00'),(1385,108,37,'2019-04-25 00:00:00','2019-05-09 00:00:00','2019-05-09 00:00:00'),(1386,151,53,'2019-04-27 00:00:00','2019-05-11 00:00:00','2019-05-11 00:00:00'),(1387,180,35,'2019-04-28 00:00:00','2019-05-12 00:00:00','2019-05-12 00:00:00'),(1388,13,5,'2019-04-28 00:00:00','2019-05-12 00:00:00','2019-05-12 00:00:00'),(1389,139,57,'2019-04-29 00:00:00','2019-05-13 00:00:00','2019-05-13 00:00:00'),(1390,71,76,'2019-04-30 00:00:00','2019-05-14 00:00:00','2019-05-14 00:00:00'),(1391,59,43,'2019-04-30 00:00:00','2019-05-14 00:00:00','2019-05-14 00:00:00'),(1392,50,58,'2019-04-30 00:00:00','2019-05-14 00:00:00','2019-05-14 00:00:00'),(1393,143,39,'2019-04-30 00:00:00','2019-05-14 00:00:00','2019-05-14 00:00:00'),(1394,92,98,'2019-04-30 00:00:00','2019-05-14 00:00:00','2019-05-14 00:00:00'),(1395,36,66,'2019-05-02 00:00:00','2019-05-16 00:00:00','2019-05-16 00:00:00'),(1396,170,97,'2019-05-02 00:00:00','2019-05-16 00:00:00','2019-05-16 00:00:00'),(1397,19,60,'2019-05-02 00:00:00','2019-05-16 00:00:00','2019-05-16 00:00:00'),(1398,180,49,'2019-05-02 00:00:00','2019-05-16 00:00:00','2019-05-16 00:00:00'),(1399,135,84,'2019-05-04 00:00:00','2019-05-18 00:00:00','2019-05-18 00:00:00'),(1400,25,53,'2019-05-04 00:00:00','2019-05-18 00:00:00','2019-05-18 00:00:00'),(1401,126,24,'2019-05-05 00:00:00','2019-05-19 00:00:00','2019-05-19 00:00:00'),(1402,35,55,'2019-05-06 00:00:00','2019-05-20 00:00:00','2019-05-20 00:00:00'),(1403,96,3,'2019-05-06 00:00:00','2019-05-20 00:00:00','2019-05-20 00:00:00'),(1404,137,86,'2019-05-06 00:00:00','2019-05-20 00:00:00','2019-05-20 00:00:00'),(1405,61,17,'2019-05-07 00:00:00','2019-05-21 00:00:00','2019-05-21 00:00:00'),(1406,159,72,'2019-05-07 00:00:00','2019-05-21 00:00:00','2019-05-21 00:00:00'),(1407,5,7,'2019-05-09 00:00:00','2019-05-23 00:00:00','2019-05-23 00:00:00'),(1408,153,51,'2019-05-09 00:00:00','2019-05-23 00:00:00','2019-05-23 00:00:00'),(1409,137,1,'2019-05-10 00:00:00','2019-05-24 00:00:00','2019-05-24 00:00:00'),(1410,1,66,'2019-05-12 00:00:00','2019-05-26 00:00:00','2019-05-26 00:00:00'),(1411,120,46,'2019-05-12 00:00:00','2019-05-26 00:00:00','2019-05-26 00:00:00'),(1412,56,96,'2019-05-13 00:00:00','2019-05-27 00:00:00','2019-05-27 00:00:00'),(1413,163,80,'2019-05-13 00:00:00','2019-05-27 00:00:00','2019-05-27 00:00:00'),(1414,126,79,'2019-05-15 00:00:00','2019-05-29 00:00:00','2019-05-29 00:00:00'),(1415,16,14,'2019-05-15 00:00:00','2019-05-29 00:00:00','2019-05-29 00:00:00'),(1416,70,72,'2019-05-16 00:00:00','2019-05-30 00:00:00','2019-05-30 00:00:00'),(1417,125,74,'2019-05-17 00:00:00','2019-05-31 00:00:00','2019-05-31 00:00:00'),(1418,26,14,'2019-05-17 00:00:00','2019-05-31 00:00:00','2019-05-31 00:00:00'),(1419,80,59,'2019-05-18 00:00:00','2019-06-01 00:00:00','2019-06-01 00:00:00'),(1420,124,57,'2019-05-19 00:00:00','2019-06-02 00:00:00','2019-06-02 00:00:00'),(1421,131,10,'2019-05-20 00:00:00','2019-06-03 00:00:00','2019-06-03 00:00:00'),(1422,73,88,'2019-05-21 00:00:00','2019-06-04 00:00:00','2019-06-04 00:00:00'),(1423,46,49,'2019-05-22 00:00:00','2019-06-05 00:00:00','2019-06-05 00:00:00'),(1424,50,50,'2019-05-22 00:00:00','2019-06-05 00:00:00','2019-06-05 00:00:00'),(1425,196,84,'2019-05-23 00:00:00','2019-06-06 00:00:00','2019-06-06 00:00:00'),(1426,82,50,'2019-05-24 00:00:00','2019-06-07 00:00:00','2019-06-07 00:00:00'),(1427,49,22,'2019-05-25 00:00:00','2019-06-08 00:00:00','2019-06-08 00:00:00'),(1428,161,64,'2019-05-25 00:00:00','2019-06-08 00:00:00','2019-06-08 00:00:00'),(1429,150,33,'2019-05-26 00:00:00','2019-06-09 00:00:00','2019-06-09 00:00:00'),(1430,160,84,'2019-05-26 00:00:00','2019-06-09 00:00:00','2019-06-09 00:00:00'),(1431,137,99,'2019-05-27 00:00:00','2019-06-10 00:00:00','2019-06-10 00:00:00'),(1432,6,22,'2019-05-27 00:00:00','2019-06-10 00:00:00','2019-06-10 00:00:00'),(1433,155,98,'2019-05-28 00:00:00','2019-06-11 00:00:00','2019-06-11 00:00:00'),(1434,73,27,'2019-05-28 00:00:00','2019-06-11 00:00:00','2019-06-11 00:00:00'),(1435,26,4,'2019-05-30 00:00:00','2019-06-13 00:00:00','2019-06-13 00:00:00'),(1436,34,64,'2019-05-30 00:00:00','2019-06-13 00:00:00','2019-06-13 00:00:00'),(1437,177,96,'2019-05-30 00:00:00','2019-06-13 00:00:00','2019-06-13 00:00:00'),(1438,193,82,'2019-05-30 00:00:00','2019-06-13 00:00:00','2019-06-13 00:00:00'),(1439,162,91,'2019-05-30 00:00:00','2019-06-13 00:00:00','2019-06-13 00:00:00'),(1440,136,28,'2019-05-31 00:00:00','2019-06-14 00:00:00','2019-06-14 00:00:00'),(1441,139,94,'2019-05-31 00:00:00','2019-06-14 00:00:00','2019-06-14 00:00:00'),(1442,165,35,'2019-06-01 00:00:00','2019-06-15 00:00:00','2019-06-15 00:00:00'),(1443,4,44,'2019-06-01 00:00:00','2019-06-15 00:00:00','2019-06-15 00:00:00'),(1444,41,13,'2019-06-02 00:00:00','2019-06-16 00:00:00','2019-06-16 00:00:00'),(1445,17,30,'2019-06-02 00:00:00','2019-06-16 00:00:00','2019-06-16 00:00:00'),(1446,160,14,'2019-06-03 00:00:00','2019-06-17 00:00:00','2019-06-17 00:00:00'),(1447,3,48,'2019-06-03 00:00:00','2019-06-17 00:00:00','2019-06-17 00:00:00'),(1448,47,79,'2019-06-04 00:00:00','2019-06-18 00:00:00','2019-06-18 00:00:00'),(1449,14,60,'2019-06-05 00:00:00','2019-06-19 00:00:00','2019-06-19 00:00:00'),(1450,102,64,'2019-06-05 00:00:00','2019-06-19 00:00:00','2019-06-19 00:00:00'),(1451,7,63,'2019-06-05 00:00:00','2019-06-19 00:00:00','2019-06-19 00:00:00'),(1452,8,40,'2019-06-06 00:00:00','2019-06-20 00:00:00','2019-06-20 00:00:00'),(1453,98,82,'2019-06-07 00:00:00','2019-06-21 00:00:00','2019-06-21 00:00:00'),(1454,92,31,'2019-06-08 00:00:00','2019-06-22 00:00:00','2019-06-22 00:00:00'),(1455,180,63,'2019-06-08 00:00:00','2019-06-22 00:00:00','2019-06-22 00:00:00'),(1456,113,75,'2019-06-08 00:00:00','2019-06-22 00:00:00','2019-06-22 00:00:00'),(1457,93,38,'2019-06-08 00:00:00','2019-06-22 00:00:00','2019-06-22 00:00:00'),(1458,172,14,'2019-06-09 00:00:00','2019-06-23 00:00:00','2019-06-23 00:00:00'),(1459,153,24,'2019-06-10 00:00:00','2019-06-24 00:00:00','2019-06-24 00:00:00'),(1460,13,30,'2019-06-10 00:00:00','2019-06-24 00:00:00','2019-06-24 00:00:00'),(1461,83,47,'2019-06-10 00:00:00','2019-06-24 00:00:00','2019-06-24 00:00:00'),(1462,198,48,'2019-06-11 00:00:00','2019-06-25 00:00:00','2019-06-25 00:00:00'),(1463,91,24,'2019-06-12 00:00:00','2019-06-26 00:00:00','2019-06-26 00:00:00'),(1464,70,32,'2019-06-12 00:00:00','2019-06-26 00:00:00','2019-06-26 00:00:00'),(1465,194,10,'2019-06-13 00:00:00','2019-06-27 00:00:00','2019-06-27 00:00:00'),(1466,131,48,'2019-06-13 00:00:00','2019-06-27 00:00:00','2019-06-27 00:00:00'),(1467,42,10,'2019-06-14 00:00:00','2019-06-28 00:00:00','2019-06-28 00:00:00'),(1468,39,76,'2019-06-18 00:00:00','2019-07-02 00:00:00','2019-07-02 00:00:00'),(1469,111,8,'2019-06-18 00:00:00','2019-07-02 00:00:00','2019-07-02 00:00:00'),(1470,90,44,'2019-06-18 00:00:00','2019-07-02 00:00:00','2019-07-02 00:00:00'),(1471,136,3,'2019-06-19 00:00:00','2019-07-03 00:00:00','2019-07-03 00:00:00'),(1472,128,71,'2019-06-19 00:00:00','2019-07-03 00:00:00','2019-07-03 00:00:00'),(1473,84,4,'2019-06-19 00:00:00','2019-07-03 00:00:00','2019-07-03 00:00:00'),(1474,198,12,'2019-06-21 00:00:00','2019-07-05 00:00:00','2019-07-05 00:00:00'),(1475,95,40,'2019-06-21 00:00:00','2019-07-05 00:00:00','2019-07-05 00:00:00'),(1476,111,22,'2019-06-21 00:00:00','2019-07-05 00:00:00','2019-07-05 00:00:00'),(1477,30,54,'2019-06-23 00:00:00','2019-07-07 00:00:00','2019-07-07 00:00:00'),(1478,19,39,'2019-06-23 00:00:00','2019-07-07 00:00:00','2019-07-07 00:00:00'),(1479,160,18,'2019-06-25 00:00:00','2019-07-09 00:00:00','2019-07-09 00:00:00'),(1480,127,62,'2019-06-25 00:00:00','2019-07-09 00:00:00','2019-07-09 00:00:00'),(1481,93,23,'2019-06-26 00:00:00','2019-07-10 00:00:00','2019-07-10 00:00:00'),(1482,34,60,'2019-06-27 00:00:00','2019-07-11 00:00:00','2019-07-11 00:00:00'),(1483,106,47,'2019-06-28 00:00:00','2019-07-12 00:00:00','2019-07-12 00:00:00'),(1484,31,24,'2019-06-30 00:00:00','2019-07-14 00:00:00','2019-07-14 00:00:00'),(1485,128,22,'2019-06-30 00:00:00','2019-07-14 00:00:00','2019-07-14 00:00:00'),(1486,22,56,'2019-07-01 00:00:00','2019-07-15 00:00:00','2019-07-15 00:00:00'),(1487,166,85,'2019-07-02 00:00:00','2019-07-16 00:00:00','2019-07-16 00:00:00'),(1488,7,27,'2019-07-02 00:00:00','2019-07-16 00:00:00','2019-07-16 00:00:00'),(1489,179,87,'2019-07-02 00:00:00','2019-07-16 00:00:00','2019-07-16 00:00:00'),(1490,49,87,'2019-07-05 00:00:00','2019-07-19 00:00:00','2019-07-19 00:00:00'),(1491,31,87,'2019-07-05 00:00:00','2019-07-19 00:00:00','2019-07-19 00:00:00'),(1492,126,34,'2019-07-05 00:00:00','2019-07-19 00:00:00','2019-07-19 00:00:00'),(1493,12,58,'2019-07-05 00:00:00','2019-07-19 00:00:00','2019-07-19 00:00:00'),(1494,130,52,'2019-07-06 00:00:00','2019-07-20 00:00:00','2019-07-20 00:00:00'),(1495,59,47,'2019-07-06 00:00:00','2019-07-20 00:00:00','2019-07-20 00:00:00'),(1496,84,85,'2019-07-06 00:00:00','2019-07-20 00:00:00','2019-07-20 00:00:00'),(1497,126,13,'2019-07-07 00:00:00','2019-07-21 00:00:00','2019-07-21 00:00:00'),(1498,168,96,'2019-07-07 00:00:00','2019-07-21 00:00:00','2019-07-21 00:00:00'),(1499,180,98,'2019-07-08 00:00:00','2019-07-22 00:00:00','2019-07-22 00:00:00'),(1500,6,82,'2019-07-08 00:00:00','2019-07-22 00:00:00','2019-07-22 00:00:00'),(1501,167,20,'2019-07-09 00:00:00','2019-07-23 00:00:00','2019-07-23 00:00:00'),(1502,166,56,'2019-07-09 00:00:00','2019-07-23 00:00:00','2019-07-23 00:00:00'),(1503,157,4,'2019-07-10 00:00:00','2019-07-24 00:00:00','2019-07-24 00:00:00'),(1504,2,55,'2019-07-10 00:00:00','2019-07-24 00:00:00','2019-07-24 00:00:00'),(1505,112,43,'2019-07-10 00:00:00','2019-07-24 00:00:00','2019-07-24 00:00:00'),(1506,153,55,'2019-07-12 00:00:00','2019-07-26 00:00:00','2019-07-26 00:00:00'),(1507,25,9,'2019-07-12 00:00:00','2019-07-26 00:00:00','2019-07-26 00:00:00'),(1508,144,99,'2019-07-13 00:00:00','2019-07-27 00:00:00','2019-07-27 00:00:00'),(1509,96,71,'2019-07-13 00:00:00','2019-07-27 00:00:00','2019-07-27 00:00:00'),(1510,46,36,'2019-07-13 00:00:00','2019-07-27 00:00:00','2019-07-27 00:00:00'),(1511,193,40,'2019-07-13 00:00:00','2019-07-27 00:00:00','2019-07-27 00:00:00'),(1512,162,62,'2019-07-15 00:00:00','2019-07-29 00:00:00','2019-07-29 00:00:00'),(1513,47,89,'2019-07-15 00:00:00','2019-07-29 00:00:00','2019-07-29 00:00:00'),(1514,89,69,'2019-07-16 00:00:00','2019-07-30 00:00:00','2019-07-30 00:00:00'),(1515,105,80,'2019-07-17 00:00:00','2019-07-31 00:00:00','2019-07-31 00:00:00'),(1516,159,42,'2019-07-18 00:00:00','2019-08-01 00:00:00','2019-08-01 00:00:00'),(1517,78,95,'2019-07-18 00:00:00','2019-08-01 00:00:00','2019-08-01 00:00:00'),(1518,99,67,'2019-07-19 00:00:00','2019-08-02 00:00:00','2019-08-02 00:00:00'),(1519,2,77,'2019-07-19 00:00:00','2019-08-02 00:00:00','2019-08-02 00:00:00'),(1520,73,35,'2019-07-20 00:00:00','2019-08-03 00:00:00','2019-08-03 00:00:00'),(1521,35,93,'2019-07-20 00:00:00','2019-08-03 00:00:00','2019-08-03 00:00:00'),(1522,7,25,'2019-07-23 00:00:00','2019-08-06 00:00:00','2019-08-06 00:00:00'),(1523,74,52,'2019-07-23 00:00:00','2019-08-06 00:00:00','2019-08-06 00:00:00'),(1524,2,76,'2019-07-24 00:00:00','2019-08-07 00:00:00','2019-08-07 00:00:00'),(1525,67,17,'2019-07-24 00:00:00','2019-08-07 00:00:00','2019-08-07 00:00:00'),(1526,178,27,'2019-07-24 00:00:00','2019-08-07 00:00:00','2019-08-07 00:00:00'),(1527,157,12,'2019-07-25 00:00:00','2019-08-08 00:00:00','2019-08-08 00:00:00'),(1528,102,69,'2019-07-25 00:00:00','2019-08-08 00:00:00','2019-08-08 00:00:00'),(1529,119,13,'2019-07-26 00:00:00','2019-08-09 00:00:00','2019-08-09 00:00:00'),(1530,137,68,'2019-07-26 00:00:00','2019-08-09 00:00:00','2019-08-09 00:00:00'),(1531,87,62,'2019-07-28 00:00:00','2019-08-11 00:00:00','2019-08-11 00:00:00'),(1532,50,99,'2019-07-28 00:00:00','2019-08-11 00:00:00','2019-08-11 00:00:00'),(1533,166,73,'2019-07-30 00:00:00','2019-08-13 00:00:00','2019-08-13 00:00:00'),(1534,148,78,'2019-07-30 00:00:00','2019-08-13 00:00:00','2019-08-13 00:00:00'),(1535,109,49,'2019-07-30 00:00:00','2019-08-13 00:00:00','2019-08-13 00:00:00'),(1536,170,2,'2019-07-31 00:00:00','2019-08-14 00:00:00','2019-08-14 00:00:00'),(1537,93,13,'2019-07-31 00:00:00','2019-08-14 00:00:00','2019-08-14 00:00:00'),(1538,106,5,'2019-08-01 00:00:00','2019-08-15 00:00:00','2019-08-15 00:00:00'),(1539,60,76,'2019-08-02 00:00:00','2019-08-16 00:00:00','2019-08-16 00:00:00'),(1540,21,97,'2019-08-02 00:00:00','2019-08-16 00:00:00','2019-08-16 00:00:00'),(1541,97,68,'2019-08-03 00:00:00','2019-08-17 00:00:00','2019-08-17 00:00:00'),(1542,162,13,'2019-08-03 00:00:00','2019-08-17 00:00:00','2019-08-17 00:00:00'),(1543,93,36,'2019-08-04 00:00:00','2019-08-18 00:00:00','2019-08-18 00:00:00'),(1544,141,87,'2019-08-05 00:00:00','2019-08-19 00:00:00','2019-08-19 00:00:00'),(1545,154,20,'2019-08-05 00:00:00','2019-08-19 00:00:00','2019-08-19 00:00:00'),(1546,171,81,'2019-08-07 00:00:00','2019-08-21 00:00:00','2019-08-21 00:00:00'),(1547,44,25,'2019-08-07 00:00:00','2019-08-21 00:00:00','2019-08-21 00:00:00'),(1548,40,36,'2019-08-08 00:00:00','2019-08-22 00:00:00','2019-08-22 00:00:00'),(1549,133,20,'2019-08-10 00:00:00','2019-08-24 00:00:00','2019-08-24 00:00:00'),(1550,103,100,'2019-08-10 00:00:00','2019-08-24 00:00:00','2019-08-24 00:00:00'),(1551,166,62,'2019-08-11 00:00:00','2019-08-25 00:00:00','2019-08-25 00:00:00'),(1552,105,72,'2019-08-11 00:00:00','2019-08-25 00:00:00','2019-08-25 00:00:00'),(1553,180,74,'2019-08-12 00:00:00','2019-08-26 00:00:00','2019-08-26 00:00:00'),(1554,112,84,'2019-08-13 00:00:00','2019-08-27 00:00:00','2019-08-27 00:00:00'),(1555,42,92,'2019-08-14 00:00:00','2019-08-28 00:00:00','2019-08-28 00:00:00'),(1556,69,96,'2019-08-15 00:00:00','2019-08-29 00:00:00','2019-08-29 00:00:00'),(1557,101,49,'2019-08-16 00:00:00','2019-08-30 00:00:00','2019-08-30 00:00:00'),(1558,4,67,'2019-08-18 00:00:00','2019-09-01 00:00:00','2019-09-01 00:00:00'),(1559,27,35,'2019-08-18 00:00:00','2019-09-01 00:00:00','2019-09-01 00:00:00'),(1560,138,53,'2019-08-19 00:00:00','2019-09-02 00:00:00','2019-09-02 00:00:00'),(1561,147,13,'2019-08-21 00:00:00','2019-09-04 00:00:00','2019-09-04 00:00:00'),(1562,132,96,'2019-08-22 00:00:00','2019-09-05 00:00:00','2019-09-05 00:00:00'),(1563,9,100,'2019-08-23 00:00:00','2019-09-06 00:00:00','2019-09-06 00:00:00'),(1564,124,68,'2019-08-23 00:00:00','2019-09-06 00:00:00','2019-09-06 00:00:00'),(1565,27,59,'2019-08-24 00:00:00','2019-09-07 00:00:00','2019-09-07 00:00:00'),(1566,132,77,'2019-08-24 00:00:00','2019-09-07 00:00:00','2019-09-07 00:00:00'),(1567,73,70,'2019-08-26 00:00:00','2019-09-09 00:00:00','2019-09-09 00:00:00'),(1568,150,20,'2019-08-26 00:00:00','2019-09-09 00:00:00','2019-09-09 00:00:00'),(1569,196,73,'2019-08-27 00:00:00','2019-09-10 00:00:00','2019-09-10 00:00:00'),(1570,195,87,'2019-08-27 00:00:00','2019-09-10 00:00:00','2019-09-10 00:00:00'),(1571,33,10,'2019-08-27 00:00:00','2019-09-10 00:00:00','2019-09-10 00:00:00'),(1572,140,19,'2019-08-28 00:00:00','2019-09-11 00:00:00','2019-09-11 00:00:00'),(1573,43,85,'2019-08-29 00:00:00','2019-09-12 00:00:00','2019-09-12 00:00:00'),(1574,109,14,'2019-08-29 00:00:00','2019-09-12 00:00:00','2019-09-12 00:00:00'),(1575,17,50,'2019-08-30 00:00:00','2019-09-13 00:00:00','2019-09-13 00:00:00'),(1576,38,19,'2019-08-31 00:00:00','2019-09-14 00:00:00','2019-09-14 00:00:00'),(1577,158,100,'2019-09-01 00:00:00','2019-09-15 00:00:00','2019-09-15 00:00:00'),(1578,41,35,'2019-09-02 00:00:00','2019-09-16 00:00:00','2019-09-16 00:00:00'),(1579,109,23,'2019-09-05 00:00:00','2019-09-19 00:00:00','2019-09-19 00:00:00'),(1580,9,91,'2019-09-05 00:00:00','2019-09-19 00:00:00','2019-09-19 00:00:00'),(1581,113,1,'2019-09-05 00:00:00','2019-09-19 00:00:00','2019-09-19 00:00:00'),(1582,11,22,'2019-09-05 00:00:00','2019-09-19 00:00:00','2019-09-19 00:00:00'),(1583,191,83,'2019-09-06 00:00:00','2019-09-20 00:00:00','2019-09-20 00:00:00'),(1584,191,76,'2019-09-06 00:00:00','2019-09-20 00:00:00','2019-09-20 00:00:00'),(1585,39,96,'2019-09-07 00:00:00','2019-09-21 00:00:00','2019-09-21 00:00:00'),(1586,96,59,'2019-09-07 00:00:00','2019-09-21 00:00:00','2019-09-21 00:00:00'),(1587,48,10,'2019-09-08 00:00:00','2019-09-22 00:00:00','2019-09-22 00:00:00'),(1588,35,55,'2019-09-09 00:00:00','2019-09-23 00:00:00','2019-09-23 00:00:00'),(1589,190,88,'2019-09-11 00:00:00','2019-09-25 00:00:00','2019-09-25 00:00:00'),(1590,26,1,'2019-09-12 00:00:00','2019-09-26 00:00:00','2019-09-26 00:00:00'),(1591,100,61,'2019-09-14 00:00:00','2019-09-28 00:00:00','2019-09-28 00:00:00'),(1592,184,85,'2019-09-14 00:00:00','2019-09-28 00:00:00','2019-09-28 00:00:00'),(1593,172,98,'2019-09-15 00:00:00','2019-09-29 00:00:00','2019-09-29 00:00:00'),(1594,73,90,'2019-09-15 00:00:00','2019-09-29 00:00:00','2019-09-29 00:00:00'),(1595,49,99,'2019-09-16 00:00:00','2019-09-30 00:00:00','2019-09-30 00:00:00'),(1596,148,84,'2019-09-17 00:00:00','2019-10-01 00:00:00','2019-10-01 00:00:00'),(1597,5,77,'2019-09-17 00:00:00','2019-10-01 00:00:00','2019-10-01 00:00:00'),(1598,63,34,'2019-09-17 00:00:00','2019-10-01 00:00:00','2019-10-01 00:00:00'),(1599,133,81,'2019-09-19 00:00:00','2019-10-03 00:00:00','2019-10-03 00:00:00'),(1600,100,51,'2019-09-19 00:00:00','2019-10-03 00:00:00','2019-10-03 00:00:00'),(1601,99,64,'2019-09-20 00:00:00','2019-10-04 00:00:00','2019-10-04 00:00:00'),(1602,130,16,'2019-09-20 00:00:00','2019-10-04 00:00:00','2019-10-04 00:00:00'),(1603,61,47,'2019-09-20 00:00:00','2019-10-04 00:00:00','2019-10-04 00:00:00'),(1604,187,65,'2019-09-20 00:00:00','2019-10-04 00:00:00','2019-10-04 00:00:00'),(1605,106,83,'2019-09-21 00:00:00','2019-10-05 00:00:00','2019-10-05 00:00:00'),(1606,172,64,'2019-09-22 00:00:00','2019-10-06 00:00:00','2019-10-06 00:00:00'),(1607,119,46,'2019-09-22 00:00:00','2019-10-06 00:00:00','2019-10-06 00:00:00'),(1608,138,26,'2019-09-24 00:00:00','2019-10-08 00:00:00','2019-10-08 00:00:00'),(1609,95,63,'2019-09-24 00:00:00','2019-10-08 00:00:00','2019-10-08 00:00:00'),(1610,189,94,'2019-09-25 00:00:00','2019-10-09 00:00:00','2019-10-09 00:00:00'),(1611,66,4,'2019-09-25 00:00:00','2019-10-09 00:00:00','2019-10-09 00:00:00'),(1612,19,26,'2019-09-25 00:00:00','2019-10-09 00:00:00','2019-10-09 00:00:00'),(1613,72,61,'2019-09-26 00:00:00','2019-10-10 00:00:00','2019-10-10 00:00:00'),(1614,89,71,'2019-09-27 00:00:00','2019-10-11 00:00:00','2019-10-11 00:00:00'),(1615,65,54,'2019-09-27 00:00:00','2019-10-11 00:00:00','2019-10-11 00:00:00'),(1616,20,45,'2019-09-29 00:00:00','2019-10-13 00:00:00','2019-10-13 00:00:00'),(1617,77,27,'2019-09-29 00:00:00','2019-10-13 00:00:00','2019-10-13 00:00:00'),(1618,118,43,'2019-09-29 00:00:00','2019-10-13 00:00:00','2019-10-13 00:00:00'),(1619,37,87,'2019-09-30 00:00:00','2019-10-14 00:00:00','2019-10-14 00:00:00'),(1620,8,36,'2019-09-30 00:00:00','2019-10-14 00:00:00','2019-10-14 00:00:00'),(1621,25,60,'2019-09-30 00:00:00','2019-10-14 00:00:00','2019-10-14 00:00:00'),(1622,23,15,'2019-10-01 00:00:00','2019-10-15 00:00:00','2019-10-15 00:00:00'),(1623,114,13,'2019-10-03 00:00:00','2019-10-17 00:00:00','2019-10-17 00:00:00'),(1624,2,90,'2019-10-06 00:00:00','2019-10-20 00:00:00','2019-10-20 00:00:00'),(1625,163,98,'2019-10-07 00:00:00','2019-10-21 00:00:00','2019-10-21 00:00:00'),(1626,190,3,'2019-10-07 00:00:00','2019-10-21 00:00:00','2019-10-21 00:00:00'),(1627,37,24,'2019-10-11 00:00:00','2019-10-25 00:00:00','2019-10-25 00:00:00'),(1628,134,38,'2019-10-11 00:00:00','2019-10-25 00:00:00','2019-10-25 00:00:00'),(1629,41,70,'2019-10-11 00:00:00','2019-10-25 00:00:00','2019-10-25 00:00:00'),(1630,59,58,'2019-10-12 00:00:00','2019-10-26 00:00:00','2019-10-26 00:00:00'),(1631,108,54,'2019-10-13 00:00:00','2019-10-27 00:00:00','2019-10-27 00:00:00'),(1632,132,87,'2019-10-14 00:00:00','2019-10-28 00:00:00','2019-10-28 00:00:00'),(1633,11,95,'2019-10-14 00:00:00','2019-10-28 00:00:00','2019-10-28 00:00:00'),(1634,142,76,'2019-10-16 00:00:00','2019-10-30 00:00:00','2019-10-30 00:00:00'),(1635,18,10,'2019-10-17 00:00:00','2019-10-31 00:00:00','2019-10-31 00:00:00'),(1636,42,63,'2019-10-17 00:00:00','2019-10-31 00:00:00','2019-10-31 00:00:00'),(1637,26,16,'2019-10-17 00:00:00','2019-10-31 00:00:00','2019-10-31 00:00:00'),(1638,169,37,'2019-10-17 00:00:00','2019-10-31 00:00:00','2019-10-31 00:00:00'),(1639,82,58,'2019-10-18 00:00:00','2019-11-01 00:00:00','2019-11-01 00:00:00'),(1640,139,38,'2019-10-20 00:00:00','2019-11-03 00:00:00','2019-11-03 00:00:00'),(1641,11,20,'2019-10-21 00:00:00','2019-11-04 00:00:00','2019-11-04 00:00:00'),(1642,160,33,'2019-10-22 00:00:00','2019-11-05 00:00:00','2019-11-05 00:00:00'),(1643,148,11,'2019-10-24 00:00:00','2019-11-07 00:00:00','2019-11-07 00:00:00'),(1644,139,60,'2019-10-26 00:00:00','2019-11-09 00:00:00','2019-11-09 00:00:00'),(1645,45,19,'2019-10-26 00:00:00','2019-11-09 00:00:00','2019-11-09 00:00:00'),(1646,128,87,'2019-10-26 00:00:00','2019-11-09 00:00:00','2019-11-09 00:00:00'),(1647,125,90,'2019-10-27 00:00:00','2019-11-10 00:00:00','2019-11-10 00:00:00'),(1648,153,45,'2019-10-29 00:00:00','2019-11-12 00:00:00','2019-11-12 00:00:00'),(1649,187,47,'2019-10-29 00:00:00','2019-11-12 00:00:00','2019-11-12 00:00:00'),(1650,119,32,'2019-10-29 00:00:00','2019-11-12 00:00:00','2019-11-12 00:00:00'),(1651,73,29,'2019-10-31 00:00:00','2019-11-14 00:00:00','2019-11-14 00:00:00'),(1652,106,30,'2019-10-31 00:00:00','2019-11-14 00:00:00','2019-11-14 00:00:00'),(1653,185,78,'2019-10-31 00:00:00','2019-11-14 00:00:00','2019-11-14 00:00:00'),(1654,198,73,'2019-10-31 00:00:00','2019-11-14 00:00:00','2019-11-14 00:00:00'),(1655,114,17,'2019-11-02 00:00:00','2019-11-16 00:00:00','2019-11-16 00:00:00'),(1656,138,43,'2019-11-02 00:00:00','2019-11-16 00:00:00','2019-11-16 00:00:00'),(1657,18,87,'2019-11-03 00:00:00','2019-11-17 00:00:00','2019-11-17 00:00:00'),(1658,30,8,'2019-11-03 00:00:00','2019-11-17 00:00:00','2019-11-17 00:00:00'),(1659,82,11,'2019-11-03 00:00:00','2019-11-17 00:00:00','2019-11-17 00:00:00'),(1660,95,47,'2019-11-03 00:00:00','2019-11-17 00:00:00','2019-11-17 00:00:00'),(1661,67,15,'2019-11-06 00:00:00','2019-11-20 00:00:00','2019-11-20 00:00:00'),(1662,60,24,'2019-11-06 00:00:00','2019-11-20 00:00:00','2019-11-20 00:00:00'),(1663,71,16,'2019-11-07 00:00:00','2019-11-21 00:00:00','2019-11-21 00:00:00'),(1664,156,50,'2019-11-08 00:00:00','2019-11-22 00:00:00','2019-11-22 00:00:00'),(1665,21,76,'2019-11-09 00:00:00','2019-11-23 00:00:00','2019-11-23 00:00:00'),(1666,134,37,'2019-11-10 00:00:00','2019-11-24 00:00:00','2019-11-24 00:00:00'),(1667,69,80,'2019-11-11 00:00:00','2019-11-25 00:00:00','2019-11-25 00:00:00'),(1668,196,74,'2019-11-11 00:00:00','2019-11-25 00:00:00','2019-11-25 00:00:00'),(1669,19,14,'2019-11-12 00:00:00','2019-11-26 00:00:00','2019-11-26 00:00:00'),(1670,190,26,'2019-11-12 00:00:00','2019-11-26 00:00:00','2019-11-26 00:00:00'),(1671,124,27,'2019-11-13 00:00:00','2019-11-27 00:00:00','2019-11-27 00:00:00'),(1672,192,87,'2019-11-13 00:00:00','2019-11-27 00:00:00','2019-11-27 00:00:00'),(1673,19,9,'2019-11-14 00:00:00','2019-11-28 00:00:00','2019-11-28 00:00:00'),(1674,44,41,'2019-11-14 00:00:00','2019-11-28 00:00:00','2019-11-28 00:00:00'),(1675,65,91,'2019-11-14 00:00:00','2019-11-28 00:00:00','2019-11-28 00:00:00'),(1676,186,12,'2019-11-14 00:00:00','2019-11-28 00:00:00','2019-11-28 00:00:00'),(1677,189,25,'2019-11-15 00:00:00','2019-11-29 00:00:00','2019-11-29 00:00:00'),(1678,73,53,'2019-11-16 00:00:00','2019-11-30 00:00:00','2019-11-30 00:00:00'),(1679,49,9,'2019-11-16 00:00:00','2019-11-30 00:00:00','2019-11-30 00:00:00'),(1680,106,33,'2019-11-17 00:00:00','2019-12-01 00:00:00','2019-12-01 00:00:00'),(1681,129,72,'2019-11-17 00:00:00','2019-12-01 00:00:00','2019-12-01 00:00:00'),(1682,60,33,'2019-11-17 00:00:00','2019-12-01 00:00:00','2019-12-01 00:00:00'),(1683,178,6,'2019-11-19 00:00:00','2019-12-03 00:00:00','2019-12-03 00:00:00'),(1684,7,35,'2019-11-19 00:00:00','2019-12-03 00:00:00','2019-12-03 00:00:00'),(1685,28,31,'2019-11-20 00:00:00','2019-12-04 00:00:00','2019-12-04 00:00:00'),(1686,1,54,'2019-11-20 00:00:00','2019-12-04 00:00:00','2019-12-04 00:00:00'),(1687,162,77,'2019-11-20 00:00:00','2019-12-04 00:00:00','2019-12-04 00:00:00'),(1688,99,2,'2019-11-21 00:00:00','2019-12-05 00:00:00','2019-12-05 00:00:00'),(1689,54,23,'2019-11-21 00:00:00','2019-12-05 00:00:00','2019-12-05 00:00:00'),(1690,40,75,'2019-11-21 00:00:00','2019-12-05 00:00:00','2019-12-05 00:00:00'),(1691,135,62,'2019-11-22 00:00:00','2019-12-06 00:00:00','2019-12-06 00:00:00'),(1692,159,81,'2019-11-25 00:00:00','2019-12-09 00:00:00','2019-12-09 00:00:00'),(1693,157,33,'2019-11-26 00:00:00','2019-12-10 00:00:00','2019-12-10 00:00:00'),(1694,115,77,'2019-11-26 00:00:00','2019-12-10 00:00:00','2019-12-10 00:00:00'),(1695,155,97,'2019-11-26 00:00:00','2019-12-10 00:00:00','2019-12-10 00:00:00'),(1696,85,46,'2019-11-28 00:00:00','2019-12-12 00:00:00','2019-12-12 00:00:00'),(1697,167,98,'2019-11-30 00:00:00','2019-12-14 00:00:00','2019-12-14 00:00:00'),(1698,53,65,'2019-11-30 00:00:00','2019-12-14 00:00:00','2019-12-14 00:00:00'),(1699,58,55,'2019-12-01 00:00:00','2019-12-15 00:00:00','2019-12-15 00:00:00'),(1700,177,22,'2019-12-01 00:00:00','2019-12-15 00:00:00','2019-12-15 00:00:00'),(1701,74,63,'2019-12-01 00:00:00','2019-12-15 00:00:00','2019-12-15 00:00:00'),(1702,41,71,'2019-12-02 00:00:00','2019-12-16 00:00:00','2019-12-16 00:00:00'),(1703,147,72,'2019-12-03 00:00:00','2019-12-17 00:00:00','2019-12-17 00:00:00'),(1704,180,76,'2019-12-03 00:00:00','2019-12-17 00:00:00','2019-12-17 00:00:00'),(1705,195,75,'2019-12-04 00:00:00','2019-12-18 00:00:00','2019-12-18 00:00:00'),(1706,157,88,'2019-12-04 00:00:00','2019-12-18 00:00:00','2019-12-18 00:00:00'),(1707,163,74,'2019-12-04 00:00:00','2019-12-18 00:00:00','2019-12-18 00:00:00'),(1708,136,33,'2019-12-05 00:00:00','2019-12-19 00:00:00','2019-12-19 00:00:00'),(1709,182,25,'2019-12-05 00:00:00','2019-12-19 00:00:00','2019-12-19 00:00:00'),(1710,171,25,'2019-12-05 00:00:00','2019-12-19 00:00:00','2019-12-19 00:00:00'),(1711,154,5,'2019-12-06 00:00:00','2019-12-20 00:00:00','2019-12-20 00:00:00'),(1712,105,75,'2019-12-06 00:00:00','2019-12-20 00:00:00','2019-12-20 00:00:00'),(1713,194,7,'2019-12-07 00:00:00','2019-12-21 00:00:00','2019-12-21 00:00:00'),(1714,147,53,'2019-12-07 00:00:00','2019-12-21 00:00:00','2019-12-21 00:00:00'),(1715,7,80,'2019-12-08 00:00:00','2019-12-22 00:00:00','2019-12-22 00:00:00'),(1716,99,17,'2019-12-10 00:00:00','2019-12-24 00:00:00','2019-12-24 00:00:00'),(1717,93,84,'2019-12-12 00:00:00','2019-12-26 00:00:00','2019-12-26 00:00:00'),(1718,106,82,'2019-12-13 00:00:00','2019-12-27 00:00:00','2019-12-27 00:00:00'),(1719,110,7,'2019-12-13 00:00:00','2019-12-27 00:00:00','2019-12-27 00:00:00'),(1720,29,72,'2019-12-13 00:00:00','2019-12-27 00:00:00','2019-12-27 00:00:00'),(1721,101,99,'2019-12-13 00:00:00','2019-12-27 00:00:00','2019-12-27 00:00:00'),(1722,69,18,'2019-12-13 00:00:00','2019-12-27 00:00:00','2019-12-27 00:00:00'),(1723,56,21,'2019-12-14 00:00:00','2019-12-28 00:00:00','2019-12-28 00:00:00'),(1724,186,82,'2019-12-15 00:00:00','2019-12-29 00:00:00','2019-12-29 00:00:00'),(1725,16,1,'2019-12-16 00:00:00','2019-12-30 00:00:00','2019-12-30 00:00:00'),(1726,55,86,'2019-12-17 00:00:00','2019-12-31 00:00:00','2019-12-31 00:00:00'),(1727,151,43,'2019-12-17 00:00:00','2019-12-31 00:00:00','2019-12-31 00:00:00'),(1728,107,71,'2019-12-17 00:00:00','2019-12-31 00:00:00','2019-12-31 00:00:00'),(1729,112,46,'2019-12-18 00:00:00','2020-01-01 00:00:00','2020-01-01 00:00:00'),(1730,52,30,'2019-12-19 00:00:00','2020-01-02 00:00:00','2020-01-02 00:00:00'),(1731,100,86,'2019-12-20 00:00:00','2020-01-03 00:00:00','2020-01-03 00:00:00'),(1732,187,73,'2019-12-20 00:00:00','2020-01-03 00:00:00','2020-01-03 00:00:00'),(1733,14,51,'2019-12-21 00:00:00','2020-01-04 00:00:00','2020-01-04 00:00:00'),(1734,185,88,'2019-12-22 00:00:00','2020-01-05 00:00:00','2020-01-05 00:00:00'),(1735,87,97,'2019-12-22 00:00:00','2020-01-05 00:00:00','2020-01-05 00:00:00'),(1736,9,44,'2019-12-23 00:00:00','2020-01-06 00:00:00','2020-01-06 00:00:00'),(1737,79,8,'2019-12-24 00:00:00','2020-01-07 00:00:00','2020-01-07 00:00:00'),(1738,80,29,'2019-12-25 00:00:00','2020-01-08 00:00:00','2020-01-08 00:00:00'),(1739,55,31,'2019-12-25 00:00:00','2020-01-08 00:00:00','2020-01-08 00:00:00'),(1740,56,23,'2019-12-26 00:00:00','2020-01-09 00:00:00','2020-01-09 00:00:00'),(1741,191,8,'2019-12-29 00:00:00','2020-01-12 00:00:00','2020-01-12 00:00:00'),(1742,65,84,'2019-12-30 00:00:00','2020-01-13 00:00:00','2020-01-13 00:00:00'),(1743,127,39,'2019-12-31 00:00:00','2020-01-14 00:00:00','2020-01-14 00:00:00'),(1744,112,77,'2020-01-02 00:00:00','2020-01-16 00:00:00','2020-01-16 00:00:00'),(1745,180,44,'2020-01-04 00:00:00','2020-01-18 00:00:00','2020-01-18 00:00:00'),(1746,142,71,'2020-01-05 00:00:00','2020-01-19 00:00:00','2020-01-19 00:00:00'),(1747,30,16,'2020-01-05 00:00:00','2020-01-19 00:00:00','2020-01-19 00:00:00'),(1748,104,29,'2020-01-05 00:00:00','2020-01-19 00:00:00','2020-01-19 00:00:00'),(1749,133,93,'2020-01-06 00:00:00','2020-01-20 00:00:00','2020-01-20 00:00:00'),(1750,196,88,'2020-01-07 00:00:00','2020-01-21 00:00:00','2020-01-21 00:00:00'),(1751,135,24,'2020-01-07 00:00:00','2020-01-21 00:00:00','2020-01-21 00:00:00'),(1752,180,28,'2020-01-07 00:00:00','2020-01-21 00:00:00','2020-01-21 00:00:00'),(1753,87,65,'2020-01-08 00:00:00','2020-01-22 00:00:00','2020-01-22 00:00:00'),(1754,86,3,'2020-01-08 00:00:00','2020-01-22 00:00:00','2020-01-22 00:00:00'),(1755,149,14,'2020-01-08 00:00:00','2020-01-22 00:00:00','2020-01-22 00:00:00'),(1756,71,40,'2020-01-08 00:00:00','2020-01-22 00:00:00','2020-01-22 00:00:00'),(1757,169,30,'2020-01-09 00:00:00','2020-01-23 00:00:00','2020-01-23 00:00:00'),(1758,55,81,'2020-01-10 00:00:00','2020-01-24 00:00:00','2020-01-24 00:00:00'),(1759,122,39,'2020-01-11 00:00:00','2020-01-25 00:00:00','2020-01-25 00:00:00'),(1760,130,27,'2020-01-12 00:00:00','2020-01-26 00:00:00','2020-01-26 00:00:00'),(1761,137,55,'2020-01-13 00:00:00','2020-01-27 00:00:00','2020-01-27 00:00:00'),(1762,101,59,'2020-01-14 00:00:00','2020-01-28 00:00:00','2020-01-28 00:00:00'),(1763,93,82,'2020-01-14 00:00:00','2020-01-28 00:00:00','2020-01-28 00:00:00'),(1764,143,54,'2020-01-15 00:00:00','2020-01-29 00:00:00','2020-01-29 00:00:00'),(1765,17,51,'2020-01-15 00:00:00','2020-01-29 00:00:00','2020-01-29 00:00:00'),(1766,76,41,'2020-01-16 00:00:00','2020-01-30 00:00:00','2020-01-30 00:00:00'),(1767,9,87,'2020-01-16 00:00:00','2020-01-30 00:00:00','2020-01-30 00:00:00'),(1768,118,71,'2020-01-17 00:00:00','2020-01-31 00:00:00','2020-01-31 00:00:00'),(1769,110,66,'2020-01-17 00:00:00','2020-01-31 00:00:00','2020-01-31 00:00:00'),(1770,98,1,'2020-01-18 00:00:00','2020-02-01 00:00:00','2020-02-01 00:00:00'),(1771,174,79,'2020-01-22 00:00:00','2020-02-05 00:00:00','2020-02-05 00:00:00'),(1772,97,23,'2020-01-23 00:00:00','2020-02-06 00:00:00','2020-02-06 00:00:00'),(1773,154,54,'2020-01-24 00:00:00','2020-02-07 00:00:00','2020-02-07 00:00:00'),(1774,80,2,'2020-01-25 00:00:00','2020-02-08 00:00:00','2020-02-08 00:00:00'),(1775,19,77,'2020-01-25 00:00:00','2020-02-08 00:00:00','2020-02-08 00:00:00'),(1776,65,88,'2020-01-26 00:00:00','2020-02-09 00:00:00','2020-02-09 00:00:00'),(1777,20,22,'2020-01-27 00:00:00','2020-02-10 00:00:00','2020-02-10 00:00:00'),(1778,59,41,'2020-01-28 00:00:00','2020-02-11 00:00:00','2020-02-11 00:00:00'),(1779,140,59,'2020-01-28 00:00:00','2020-02-11 00:00:00','2020-02-11 00:00:00'),(1780,197,57,'2020-01-29 00:00:00','2020-02-12 00:00:00','2020-02-12 00:00:00'),(1781,40,21,'2020-01-29 00:00:00','2020-02-12 00:00:00','2020-02-12 00:00:00'),(1782,68,9,'2020-01-30 00:00:00','2020-02-13 00:00:00','2020-02-13 00:00:00'),(1783,27,37,'2020-01-30 00:00:00','2020-02-13 00:00:00','2020-02-13 00:00:00'),(1784,16,89,'2020-01-30 00:00:00','2020-02-13 00:00:00','2020-02-13 00:00:00'),(1785,159,89,'2020-01-30 00:00:00','2020-02-13 00:00:00','2020-02-13 00:00:00'),(1786,73,1,'2020-01-31 00:00:00','2020-02-14 00:00:00','2020-02-14 00:00:00'),(1787,138,18,'2020-01-31 00:00:00','2020-02-14 00:00:00','2020-02-14 00:00:00'),(1788,91,32,'2020-02-01 00:00:00','2020-02-15 00:00:00','2020-02-15 00:00:00'),(1789,170,7,'2020-02-01 00:00:00','2020-02-15 00:00:00','2020-02-15 00:00:00'),(1790,70,30,'2020-02-03 00:00:00','2020-02-17 00:00:00','2020-02-17 00:00:00'),(1791,154,33,'2020-02-03 00:00:00','2020-02-17 00:00:00','2020-02-17 00:00:00'),(1792,181,77,'2020-02-03 00:00:00','2020-02-17 00:00:00','2020-02-17 00:00:00'),(1793,15,79,'2020-02-05 00:00:00','2020-02-19 00:00:00','2020-02-19 00:00:00'),(1794,8,75,'2020-02-06 00:00:00','2020-02-20 00:00:00','2020-02-20 00:00:00'),(1795,157,62,'2020-02-07 00:00:00','2020-02-21 00:00:00','2020-02-21 00:00:00'),(1796,37,90,'2020-02-07 00:00:00','2020-02-21 00:00:00','2020-02-21 00:00:00'),(1797,20,53,'2020-02-07 00:00:00','2020-02-21 00:00:00','2020-02-21 00:00:00'),(1798,63,83,'2020-02-07 00:00:00','2020-02-21 00:00:00','2020-02-21 00:00:00'),(1799,161,54,'2020-02-08 00:00:00','2020-02-22 00:00:00','2020-02-22 00:00:00');
/*!40000 ALTER TABLE `loans` ENABLE KEYS */;
UNLOCK TABLES;

--
-- Table structure for table `patrons`
--

DROP TABLE IF EXISTS `patrons`;
/*!40101 SET @saved_cs_client     = @@character_set_client */;
/*!50503 SET character_set_client = utf8mb4 */;
CREATE TABLE `patrons` (
  `FirstName` text,
  `LastName` text,
  `Email` text,
  `PatronID` int NOT NULL,
  PRIMARY KEY (`PatronID`),
  UNIQUE KEY `PatronID_UNIQUE` (`PatronID`)
) ENGINE=InnoDB DEFAULT CHARSET=utf8mb4 COLLATE=utf8mb4_0900_ai_ci;
/*!40101 SET character_set_client = @saved_cs_client */;

--
-- Dumping data for table `patrons`
--

LOCK TABLES `patrons` WRITE;
/*!40000 ALTER TABLE `patrons` DISABLE KEYS */;
INSERT INTO `patrons` VALUES ('Maggi','Domney','mdomney0@wisdompets.com',1),('Javier','Dawks','jdawks1@red30design.com',2),('Aleen','Fasey','afasey2@kinetecoinc.com',3),('Taylor','Jenkins','tjenkins@rouxacademy.org',4),('Imogen','Kabsch','ikabsch@landonhotel.com',5),('Don','Weingarten','dweingarten@kinetecoinc.com',6),('Cammi','Kynett','ckynett6@orangevalleycaa.org',7),('Steffie','Kleis','skleis7@wisdompets.com',8),('Carilyn','Calver','ccalver8@samoca.org',9),('Barbara-anne','Sweet','bsweet9@samoca.org',10),('Faina','Nelles','fnellesa@red30design.com',11),('Orton','Stavers','ostaversb@orangevalleycaa.org',12),('Jobina','McKern','jmckernc@rouxacademy.org',13),('Paco','Yarranton','pyarrantond@rouxacademy.org',14),('Chance','Todeo','ctodeoe@wisdompets.com',15),('Carla','Swinfen','cswinfenf@kinetecoinc.com',16),('Lani','Over','loverg@wisdompets.com',17),('Anthe','Dinjes','adinjesh@samoca.org',18),('Amby','Harber','aharberi@hplussport.com',19),('Jacinta','Vallis','jvallisj@kinetecoinc.com',20),('Henri','Pughe','hpughek@orangevalleycaa.org',21),('Cassandre','Wragg','cwraggl@landonhotel.com',22),('Amory','Bunyard','abunyardm@samoca.org',23),('Carny','Scamp','cscampn@wisdompets.com',24),('Paulie','Kinvig','pkinvigo@hplussport.com',25),('Taylor','Jenkins','tjenkins@redt30design.com',26),('Yves','Dell\'Abbate','ydellabbateq@rouxacademy.org',27),('Culley','Cawood','ccawoodr@samoca.org',28),('Herby','Aspinal','haspinals@red30design.com',29),('Emlyn','Attwool','eattwoolt@hplussport.com',30),('Osgood','Saunter','osaunteru@red30design.com',31),('Demetri','Iacobacci','diacobacciv@landonhotel.com',32),('Eloisa','Forster','eforsterw@wisdompets.com',33),('Carlin','Casterou','ccasteroux@landonhotel.com',34),('Luciano','Winton','lwintony@hplussport.com',35),('Allyson','Jira','ajiraz@wisdompets.com',36),('Jillane','Livingstone','jlivingstone10@wisdompets.com',37),('Christyna','McGilroy','cmcgilroy11@landonhotel.com',38),('Oralla','Dayer','odayer12@samoca.org',39),('Angelique','Farnham','afarnham13@wisdompets.com',40),('Lowrance','Gratton','lgratton14@hplussport.com',41),('Cleo','Goldwater','cgoldwater15@landonhotel.com',42),('Menard','Pitone','mpitone16@red30design.com',43),('Davy','Neely','dneely17@hplussport.com',44),('Zechariah','Deniske','zdeniske18@kinetecoinc.com',45),('Serge','Pethrick','spethrick19@rouxacademy.org',46),('Lydie','Awmack','lawmack1a@samoca.org',47),('Clementia','Furminger','cfurminger1b@kinetecoinc.com',48),('Cathryn','Beau','cbeau1c@wisdompets.com',49),('Jack','Vaan','jvaan@wisdompets.com',50),('Romeo','Annett','rannett1e@samoca.org',51),('Arlen','O\'Fihillie','aofihillie1f@wisdompets.com',52),('Perceval','Redpath','predpath1g@rouxacademy.org',53),('Ive','Iles','iiles1h@samoca.org',54),('Robbert','Walkowski','rwalkowski1i@kinetecoinc.com',55),('Hagen','Itzhayek','hitzhayek1j@landonhotel.com',56),('Kahaleel','Keaton','kkeaton1k@kinetecoinc.com',57),('Purcell','Llop','pllop1l@hplussport.com',58),('Cornelia','Koppe','ckoppe1m@landonhotel.com',59),('Olympia','Sansun','osansun1n@wisdompets.com',60),('Rubia','Fitzsymon','rfitzsymon1o@red30design.com',61),('Tybie','Balme','tbalme1p@orangevalleycaa.org',62),('Forest','Dubock','fdubock1q@red30design.com',63),('Norby','Sleight','nsleight1r@kinetecoinc.com',64),('Hayyim','Rossander','hrossander1s@wisdompets.com',65),('Gilbert','Dupoy','gdupoy1t@rouxacademy.org',66),('Whitney','Lamberts','wlamberts1u@red30design.com',67),('Anastasie','Ferguson','aferguson1v@landonhotel.com',68),('Alaster','Ruggles','aruggles1w@red30design.com',69),('Loretta','Hundey','lhundey1x@kinetecoinc.com',70),('Winnah','D\'Elia','wdelia1y@red30design.com',71),('Trip','Pond','tpond1z@wisdompets.com',72),('Merle','Sukbhans','msukbhans20@orangevalleycaa.org',73),('Giraldo','Algar','galgar21@kinetecoinc.com',74),('Bevvy','Harrowsmith','bharrowsmith22@red30design.com',75),('Dyanna','Fulger','dfulger23@red30design.com',76),('Viola','McLarnon','vmclarnon24@orangevalleycaa.org',77),('Dorella','Linbohm','dlinbohm25@rouxacademy.org',78),('Winslow','Klass','wklass26@kinetecoinc.com',79),('Francisca','Cranmor','fcranmor27@wisdompets.com',80),('Gustave','Alphonso','galphonso28@wisdompets.com',81),('Jacquette','Spillard','jspillard29@red30design.com',82),('Caril','Matejic','cmatejic2a@orangevalleycaa.org',83),('Sianna','Drewell','sdrewell2b@kinetecoinc.com',84),('Sonnie','MatticcI','smatticci2c@rouxacademy.org',85),('Brandais','Jeannaud','bjeannaud2d@hplussport.com',86),('Junie','MacRury','jmacrury2e@wisdompets.com',87),('Gus','Holyland','gholyland2f@red30design.com',88),('Ab','Jurn','ajurn2g@samoca.org',89),('Elmo','Ockland','eockland2h@landonhotel.com',90),('Iver','Palke','ipalke2i@rouxacademy.org',91),('Asher','Tapley','atapley2j@kinetecoinc.com',92),('Joel','Baignard','jbaignard2k@orangevalleycaa.org',93),('Curr','Fittall','cfittall2l@orangevalleycaa.org',94),('Lelah','Seathwright','lseathwright2m@samoca.org',95),('Melantha','Scowcroft','mscowcroft2n@kinetecoinc.com',96),('Herb','McParland','hmcparland2o@rouxacademy.org',97),('Clem','Durdy','cdurdy2p@hplussport.com',98),('Kala','Simonian','ksimonian2q@landonhotel.com',99),('Blythe','Leggan','bleggan2r@rouxacademy.org',100);
/*!40000 ALTER TABLE `patrons` ENABLE KEYS */;
UNLOCK TABLES;
/*!40103 SET TIME_ZONE=@OLD_TIME_ZONE */;

/*!40101 SET SQL_MODE=@OLD_SQL_MODE */;
/*!40014 SET FOREIGN_KEY_CHECKS=@OLD_FOREIGN_KEY_CHECKS */;
/*!40014 SET UNIQUE_CHECKS=@OLD_UNIQUE_CHECKS */;
/*!40101 SET CHARACTER_SET_CLIENT=@OLD_CHARACTER_SET_CLIENT */;
/*!40101 SET CHARACTER_SET_RESULTS=@OLD_CHARACTER_SET_RESULTS */;
/*!40101 SET COLLATION_CONNECTION=@OLD_COLLATION_CONNECTION */;
/*!40111 SET SQL_NOTES=@OLD_SQL_NOTES */;

-- Dump completed on 2023-08-11  4:46:04
